{
"type": "FeatureCollection",
"name": "sites",
"crs": { "type": "name", "properties": { "name": "urn:ogc:def:crs:OGC:1.3:CRS84" } },
"features": [
{ "type": "Feature", "properties": { "rank": 1, "score": 1.0, "mean_score": 0.9446, "area_ha": 131.67, "elevation_m": 1788, "slope_deg": 14.6, "aspect_deg": 141, "aspect_compass": "SE", "ndvi": 0.663, "canopy_closure": 0.0, "veg_class": "open meadow", "drive_minutes": 13.5, "hike_minutes": 6.4, "hike_km": 0.16, "land_status": "crown_land", "land_status_label": "Crown land", "land_flagged": false, "score_terrain": 1.0, "score_vegetation": 1.0, "score_access": 1.0, "score_observations": 1.0, "inat_nearby": 0, "inat_nearby_exact": 0, "lon": -117.875856, "lat": 49.168935 }, "geometry": { "type": "Point", "coordinates": [ -117.875855711992529, 49.168934975844238 ] } },
{ "type": "Feature", "properties": { "rank": 2, "score": 1.0, "mean_score": 0.9445, "area_ha": 171.54, "elevation_m": 1664, "slope_deg": 21.8, "aspect_deg": 179, "aspect_compass": "S", "ndvi": 0.593, "canopy_closure": 0.0, "veg_class": "open meadow", "drive_minutes": 11.8, "hike_minutes": 5.2, "hike_km": 0.17, "land_status": "crown_land", "land_status_label": "Crown land", "land_flagged": false, "score_terrain": 1.0, "score_vegetation": 1.0, "score_access": 1.0, "score_observations": 1.0, "inat_nearby": 1, "inat_nearby_exact": 1, "lon": -117.875953, "lat": 49.151123 }, "geometry": { "type": "Point", "coordinates": [ -117.875953062701129, 49.151123114245792 ] } },
{ "type": "Feature", "properties": { "rank": 3, "score": 1.0, "mean_score": 0.9752, "area_ha": 16.02, "elevation_m": 1593, "slope_deg": 15.1, "aspect_deg": 154, "aspect_compass": "SSE", "ndvi": 0.699, "canopy_closure": 0.0, "veg_class": "open meadow", "drive_minutes": 8.7, "hike_minutes": 12.1, "hike_km": 0.23, "land_status": "crown_land", "land_status_label": "Crown land", "land_flagged": false, "score_terrain": 1.0, "score_vegetation": 1.0, "score_access": 1.0, "score_observations": 1.0, "inat_nearby": 0, "inat_nearby_exact": 0, "lon": -117.862018, "lat": 49.154197 }, "geometry": { "type": "Point", "coordinates": [ -117.862018416560971, 49.154196510032065 ] } },
{ "type": "Feature", "properties": { "rank": 4, "score": 1.0, "mean_score": 0.9439, "area_ha": 7.92, "elevation_m": 1710, "slope_deg": 12.1, "aspect_deg": 137, "aspect_compass": "SE", "ndvi": 0.634, "canopy_closure": 0.0, "veg_class": "open meadow", "drive_minutes": 13.5, "hike_minutes": 3.5, "hike_km": 0.11, "land_status": "crown_land", "land_status_label": "Crown land", "land_flagged": false, "score_terrain": 1.0, "score_vegetation": 1.0, "score_access": 1.0, "score_observations": 1.0, "inat_nearby": 2, "inat_nearby_exact": 2, "lon": -117.87009, "lat": 49.168709 }, "geometry": { "type": "Point", "coordinates": [ -117.870089925290927, 49.168708699609525 ] } },
{ "type": "Feature", "properties": { "rank": 5, "score": 0.9963, "mean_score": 0.9552, "area_ha": 2.07, "elevation_m": 1728, "slope_deg": 25.1, "aspect_deg": 164, "aspect_compass": "SSE", "ndvi": 0.675, "canopy_closure": 0.034, "veg_class": "open meadow", "drive_minutes": 11.8, "hike_minutes": 16.9, "hike_km": 0.25, "land_status": "crown_land", "land_status_label": "Crown land", "land_flagged": false, "score_terrain": 0.998, "score_vegetation": 0.99, "score_access": 1.0, "score_observations": 1.0, "inat_nearby": 0, "inat_nearby_exact": 0, "lon": -117.873911, "lat": 49.151948 }, "geometry": { "type": "Point", "coordinates": [ -117.873910520799868, 49.151948189378693 ] } },
{ "type": "Feature", "properties": { "rank": 6, "score": 0.9945, "mean_score": 0.927, "area_ha": 21.33, "elevation_m": 1504, "slope_deg": 3.1, "aspect_deg": 188, "aspect_compass": "S", "ndvi": 0.657, "canopy_closure": 0.062, "veg_class": "open meadow", "drive_minutes": 8.3, "hike_minutes": 4.2, "hike_km": 0.17, "land_status": "crown_land", "land_status_label": "Crown land", "land_flagged": false, "score_terrain": 1.0, "score_vegetation": 0.982, "score_access": 1.0, "score_observations": 1.0, "inat_nearby": 0, "inat_nearby_exact": 0, "lon": -117.843177, "lat": 49.159193 }, "geometry": { "type": "Point", "coordinates": [ -117.84317716644307, 49.159193209560563 ] } },
{ "type": "Feature", "properties": { "rank": 7, "score": 0.9903, "mean_score": 0.9487, "area_ha": 5.58, "elevation_m": 1510, "slope_deg": 10.7, "aspect_deg": 111, "aspect_compass": "ESE", "ndvi": 0.652, "canopy_closure": 0.0, "veg_class": "open meadow", "drive_minutes": 9.3, "hike_minutes": 3.5, "hike_km": 0.15, "land_status": "crown_land", "land_status_label": "Crown land", "land_flagged": false, "score_terrain": 0.968, "score_vegetation": 1.0, "score_access": 1.0, "score_observations": 1.0, "inat_nearby": 2, "inat_nearby_exact": 2, "lon": -117.85529, "lat": 49.169629 }, "geometry": { "type": "Point", "coordinates": [ -117.855289737949136, 49.169628864185555 ] } },
{ "type": "Feature", "properties": { "rank": 8, "score": 0.9889, "mean_score": 0.946, "area_ha": 3.15, "elevation_m": 1485, "slope_deg": 6.7, "aspect_deg": 196, "aspect_compass": "SSW", "ndvi": 0.708, "canopy_closure": 0.0, "veg_class": "open meadow", "drive_minutes": 12.2, "hike_minutes": 0.4, "hike_km": 0.03, "land_status": "crown_land", "land_status_label": "Crown land", "land_flagged": false, "score_terrain": 0.966, "score_vegetation": 1.0, "score_access": 1.0, "score_observations": 0.995, "inat_nearby": 0, "inat_nearby_exact": 0, "lon": -117.847591, "lat": 49.176702 }, "geometry": { "type": "Point", "coordinates": [ -117.847590780412943, 49.176702111355446 ] } },
{ "type": "Feature", "properties": { "rank": 9, "score": 0.9871, "mean_score": 0.928, "area_ha": 142.83, "elevation_m": 1752, "slope_deg": 21.2, "aspect_deg": 126, "aspect_compass": "SE", "ndvi": 0.525, "canopy_closure": 0.0, "veg_class": "open meadow", "drive_minutes": 8.7, "hike_minutes": 41.9, "hike_km": 0.7, "land_status": "crown_land", "land_status_label": "Crown land", "land_flagged": false, "score_terrain": 0.996, "score_vegetation": 1.0, "score_access": 0.953, "score_observations": 0.989, "inat_nearby": 1, "inat_nearby_exact": 0, "lon": -117.879541, "lat": 49.144619 }, "geometry": { "type": "Point", "coordinates": [ -117.879540621653518, 49.144619055401527 ] } },
{ "type": "Feature", "properties": { "rank": 10, "score": 0.9816, "mean_score": 0.9439, "area_ha": 6.57, "elevation_m": 1668, "slope_deg": 13.8, "aspect_deg": 113, "aspect_compass": "ESE", "ndvi": 0.644, "canopy_closure": 0.0, "veg_class": "open meadow", "drive_minutes": 8.7, "hike_minutes": 30.6, "hike_km": 0.74, "land_status": "crown_land", "land_status_label": "Crown land", "land_flagged": false, "score_terrain": 0.973, "score_vegetation": 1.0, "score_access": 0.949, "score_observations": 1.0, "inat_nearby": 2, "inat_nearby_exact": 2, "lon": -117.864146, "lat": 49.158229 }, "geometry": { "type": "Point", "coordinates": [ -117.864145742070193, 49.158228592018276 ] } },
{ "type": "Feature", "properties": { "rank": 11, "score": 0.9777, "mean_score": 0.94, "area_ha": 0.54, "elevation_m": 1536, "slope_deg": 4.8, "aspect_deg": 125, "aspect_compass": "SE", "ndvi": 0.758, "canopy_closure": 0.23, "veg_class": "open meadow", "drive_minutes": 10.7, "hike_minutes": 0.0, "hike_km": 0.0, "land_status": "crown_land", "land_status_label": "Crown land", "land_flagged": false, "score_terrain": 0.995, "score_vegetation": 0.931, "score_access": 1.0, "score_observations": 1.0, "inat_nearby": 2, "inat_nearby_exact": 2, "lon": -117.860766, "lat": 49.176875 }, "geometry": { "type": "Point", "coordinates": [ -117.860765699157767, 49.176874523396478 ] } },
{ "type": "Feature", "properties": { "rank": 12, "score": 0.9721, "mean_score": 0.9383, "area_ha": 8.01, "elevation_m": 1494, "slope_deg": 13.1, "aspect_deg": 185, "aspect_compass": "S", "ndvi": 0.708, "canopy_closure": 0.0, "veg_class": "open meadow", "drive_minutes": 12.2, "hike_minutes": 9.8, "hike_km": 0.36, "land_status": "crown_land", "land_status_label": "Crown land", "land_flagged": false, "score_terrain": 0.987, "score_vegetation": 1.0, "score_access": 0.988, "score_observations": 0.892, "inat_nearby": 0, "inat_nearby_exact": 0, "lon": -117.843063, "lat": 49.176735 }, "geometry": { "type": "Point", "coordinates": [ -117.843063494259056, 49.17673525182424 ] } },
{ "type": "Feature", "properties": { "rank": 13, "score": 0.961, "mean_score": 0.9259, "area_ha": 31.5, "elevation_m": 1530, "slope_deg": 9.4, "aspect_deg": 163, "aspect_compass": "SSE", "ndvi": 0.681, "canopy_closure": 0.0, "veg_class": "open meadow", "drive_minutes": 42.6, "hike_minutes": 24.4, "hike_km": 0.8, "land_status": "crown_land", "land_status_label": "Crown land", "land_flagged": false, "score_terrain": 1.0, "score_vegetation": 1.0, "score_access": 0.824, "score_observations": 0.981, "inat_nearby": 1, "inat_nearby_exact": 1, "lon": -117.770898, "lat": 49.194781 }, "geometry": { "type": "Point", "coordinates": [ -117.770898260852775, 49.194780659210146 ] } },
{ "type": "Feature", "properties": { "rank": 14, "score": 0.9597, "mean_score": 0.9299, "area_ha": 27.63, "elevation_m": 1514, "slope_deg": 11.5, "aspect_deg": 136, "aspect_compass": "SE", "ndvi": 0.666, "canopy_closure": 0.0, "veg_class": "open meadow", "drive_minutes": 25.3, "hike_minutes": 9.4, "hike_km": 0.28, "land_status": "crown_land", "land_status_label": "Crown land", "land_flagged": false, "score_terrain": 1.0, "score_vegetation": 1.0, "score_access": 0.98, "score_observations": 0.818, "inat_nearby": 1, "inat_nearby_exact": 1, "lon": -117.773945, "lat": 49.205285 }, "geometry": { "type": "Point", "coordinates": [ -117.773944564762488, 49.205284929098561 ] } },
{ "type": "Feature", "properties": { "rank": 15, "score": 0.9581, "mean_score": 0.9354, "area_ha": 0.72, "elevation_m": 1507, "slope_deg": 7.3, "aspect_deg": 136, "aspect_compass": "SE", "ndvi": 0.716, "canopy_closure": 0.466, "veg_class": "open forest", "drive_minutes": 9.3, "hike_minutes": 0.4, "hike_km": 0.03, "land_status": "crown_land", "land_status_label": "Crown land", "land_flagged": false, "score_terrain": 1.0, "score_vegetation": 0.86, "score_access": 1.0, "score_observations": 1.0, "inat_nearby": 2, "inat_nearby_exact": 2, "lon": -117.858128, "lat": 49.167179 }, "geometry": { "type": "Point", "coordinates": [ -117.85812834444539, 49.167179020098594 ] } },
{ "type": "Feature", "properties": { "rank": 16, "score": 0.9579, "mean_score": 0.9388, "area_ha": 0.81, "elevation_m": 1513, "slope_deg": 7.6, "aspect_deg": 104, "aspect_compass": "ESE", "ndvi": 0.446, "canopy_closure": 0.212, "veg_class": "open meadow", "drive_minutes": 9.3, "hike_minutes": 0.0, "hike_km": 0.0, "land_status": "crown_land", "land_status_label": "Crown land", "land_flagged": false, "score_terrain": 0.948, "score_vegetation": 0.911, "score_access": 1.0, "score_observations": 1.0, "inat_nearby": 2, "inat_nearby_exact": 2, "lon": -117.857338, "lat": 49.169074 }, "geometry": { "type": "Point", "coordinates": [ -117.857337976318632, 49.169073945516878 ] } },
{ "type": "Feature", "properties": { "rank": 17, "score": 0.9579, "mean_score": 0.9293, "area_ha": 0.72, "elevation_m": 1465, "slope_deg": 22.1, "aspect_deg": 160, "aspect_compass": "SSE", "ndvi": 0.708, "canopy_closure": 0.202, "veg_class": "open meadow", "drive_minutes": 8.2, "hike_minutes": 0.0, "hike_km": 0.0, "land_status": "crown_land", "land_status_label": "Crown land", "land_flagged": false, "score_terrain": 0.921, "score_vegetation": 0.939, "score_access": 1.0, "score_observations": 0.999, "inat_nearby": 0, "inat_nearby_exact": 0, "lon": -117.853365, "lat": 49.153451 }, "geometry": { "type": "Point", "coordinates": [ -117.853365450819808, 49.153451188677458 ] } },
{ "type": "Feature", "properties": { "rank": 18, "score": 0.9564, "mean_score": 0.9276, "area_ha": 1.17, "elevation_m": 1711, "slope_deg": 13.7, "aspect_deg": 81, "aspect_compass": "E", "ndvi": 0.7, "canopy_closure": 0.0, "veg_class": "open meadow", "drive_minutes": 13.5, "hike_minutes": 14.0, "hike_km": 0.33, "land_status": "crown_land", "land_status_label": "Crown land", "land_flagged": false, "score_terrain": 0.86, "score_vegetation": 1.0, "score_access": 0.992, "score_observations": 1.0, "inat_nearby": 2, "inat_nearby_exact": 2, "lon": -117.873311, "lat": 49.164636 }, "geometry": { "type": "Point", "coordinates": [ -117.873310752470516, 49.164636408362036 ] } },
{ "type": "Feature", "properties": { "rank": 19, "score": 0.9545, "mean_score": 0.9299, "area_ha": 3.78, "elevation_m": 1876, "slope_deg": 20.1, "aspect_deg": 132, "aspect_compass": "SE", "ndvi": 0.702, "canopy_closure": 0.0, "veg_class": "open meadow", "drive_minutes": 8.7, "hike_minutes": 80.9, "hike_km": 1.45, "land_status": "crown_land", "land_status_label": "Crown land", "land_flagged": false, "score_terrain": 1.0, "score_vegetation": 1.0, "score_access": 0.875, "score_observations": 0.898, "inat_nearby": 1, "inat_nearby_exact": 0, "lon": -117.8823, "lat": 49.137851 }, "geometry": { "type": "Point", "coordinates": [ -117.882299966149205, 49.137851341629215 ] } },
{ "type": "Feature", "properties": { "rank": 20, "score": 0.9522, "mean_score": 0.9271, "area_ha": 0.63, "elevation_m": 1625, "slope_deg": 16.4, "aspect_deg": 90, "aspect_compass": "E", "ndvi": 0.74, "canopy_closure": 0.183, "veg_class": "open meadow", "drive_minutes": 11.6, "hike_minutes": 0.8, "hike_km": 0.03, "land_status": "crown_land", "land_status_label": "Crown land", "land_flagged": false, "score_terrain": 0.896, "score_vegetation": 0.945, "score_access": 1.0, "score_observations": 1.0, "inat_nearby": 2, "inat_nearby_exact": 2, "lon": -117.866902, "lat": 49.17467 }, "geometry": { "type": "Point", "coordinates": [ -117.86690155726555, 49.174669706981561 ] } },
{ "type": "Feature", "properties": { "rank": 21, "score": 0.9509, "mean_score": 0.9386, "area_ha": 0.54, "elevation_m": 1818, "slope_deg": 18.0, "aspect_deg": 132, "aspect_compass": "SE", "ndvi": 0.773, "canopy_closure": 0.401, "veg_class": "open forest", "drive_minutes": 11.8, "hike_minutes": 39.0, "hike_km": 0.87, "land_status": "crown_land", "land_status_label": "Crown land", "land_flagged": false, "score_terrain": 0.999, "score_vegetation": 0.88, "score_access": 0.936, "score_observations": 1.0, "inat_nearby": 1, "inat_nearby_exact": 1, "lon": -117.885012, "lat": 49.151594 }, "geometry": { "type": "Point", "coordinates": [ -117.88501249303151, 49.151593762074661 ] } },
{ "type": "Feature", "properties": { "rank": 22, "score": 0.9396, "mean_score": 0.9146, "area_ha": 2.7, "elevation_m": 1487, "slope_deg": 7.1, "aspect_deg": 217, "aspect_compass": "SW", "ndvi": 0.739, "canopy_closure": 0.0, "veg_class": "open meadow", "drive_minutes": 11.0, "hike_minutes": 0.4, "hike_km": 0.03, "land_status": "crown_land", "land_status_label": "Crown land", "land_flagged": false, "score_terrain": 0.971, "score_vegetation": 1.0, "score_access": 1.0, "score_observations": 0.742, "inat_nearby": 0, "inat_nearby_exact": 0, "lon": -117.834112, "lat": 49.158449 }, "geometry": { "type": "Point", "coordinates": [ -117.834112173075653, 49.158449452761765 ] } },
{ "type": "Feature", "properties": { "rank": 23, "score": 0.9363, "mean_score": 0.9116, "area_ha": 3.96, "elevation_m": 2005, "slope_deg": 20.5, "aspect_deg": 275, "aspect_compass": "W", "ndvi": 0.611, "canopy_closure": 0.0, "veg_class": "open meadow", "drive_minutes": 11.8, "hike_minutes": 124.0, "hike_km": 2.49, "land_status": "crown_land", "land_status_label": "Crown land", "land_flagged": false, "score_terrain": 0.998, "score_vegetation": 1.0, "score_access": 0.766, "score_observations": 0.918, "inat_nearby": 1, "inat_nearby_exact": 1, "lon": -117.900379, "lat": 49.159571 }, "geometry": { "type": "Point", "coordinates": [ -117.900379443111845, 49.159570932407028 ] } },
{ "type": "Feature", "properties": { "rank": 24, "score": 0.9343, "mean_score": 0.9076, "area_ha": 25.29, "elevation_m": 1679, "slope_deg": 20.9, "aspect_deg": 116, "aspect_compass": "ESE", "ndvi": 0.695, "canopy_closure": 0.0, "veg_class": "open meadow", "drive_minutes": 12.7, "hike_minutes": 10.0, "hike_km": 0.2, "land_status": "crown_land", "land_status_label": "Crown land", "land_flagged": false, "score_terrain": 0.979, "score_vegetation": 1.0, "score_access": 1.0, "score_observations": 0.703, "inat_nearby": 0, "inat_nearby_exact": 0, "lon": -117.877319, "lat": 49.181877 }, "geometry": { "type": "Point", "coordinates": [ -117.877319106773868, 49.181877377846476 ] } },
{ "type": "Feature", "properties": { "rank": 25, "score": 0.9338, "mean_score": 0.912, "area_ha": 0.99, "elevation_m": 1441, "slope_deg": 14.8, "aspect_deg": 165, "aspect_compass": "SSE", "ndvi": 0.706, "canopy_closure": 0.0, "veg_class": "open meadow", "drive_minutes": 8.3, "hike_minutes": 0.7, "hike_km": 0.03, "land_status": "crown_land", "land_status_label": "Crown land", "land_flagged": false, "score_terrain": 0.868, "score_vegetation": 1.0, "score_access": 1.0, "score_observations": 0.867, "inat_nearby": 0, "inat_nearby_exact": 0, "lon": -117.846367, "lat": 49.153233 }, "geometry": { "type": "Point", "coordinates": [ -117.846367420639567, 49.153232831263935 ] } },
{ "type": "Feature", "properties": { "rank": 26, "score": 0.932, "mean_score": 0.9139, "area_ha": 1.35, "elevation_m": 1481, "slope_deg": 5.8, "aspect_deg": 131, "aspect_compass": "SE", "ndvi": 0.481, "canopy_closure": 0.049, "veg_class": "open meadow", "drive_minutes": 25.3, "hike_minutes": 0.0, "hike_km": 0.0, "land_status": "crown_land", "land_status_label": "Crown land", "land_flagged": false, "score_terrain": 0.956, "score_vegetation": 0.985, "score_access": 0.983, "score_observations": 0.765, "inat_nearby": 0, "inat_nearby_exact": 0, "lon": -117.765754, "lat": 49.208308 }, "geometry": { "type": "Point", "coordinates": [ -117.765754075103132, 49.208308007612253 ] } },
{ "type": "Feature", "properties": { "rank": 27, "score": 0.9303, "mean_score": 0.9054, "area_ha": 0.9, "elevation_m": 1677, "slope_deg": 21.0, "aspect_deg": 70, "aspect_compass": "ENE", "ndvi": 0.654, "canopy_closure": 0.0, "veg_class": "open meadow", "drive_minutes": 12.5, "hike_minutes": 0.0, "hike_km": 0.0, "land_status": "crown_land", "land_status_label": "Crown land", "land_flagged": false, "score_terrain": 0.815, "score_vegetation": 1.0, "score_access": 1.0, "score_observations": 0.929, "inat_nearby": 0, "inat_nearby_exact": 0, "lon": -117.872309, "lat": 49.177867 }, "geometry": { "type": "Point", "coordinates": [ -117.872308630947941, 49.177867365593272 ] } },
{ "type": "Feature", "properties": { "rank": 28, "score": 0.9297, "mean_score": 0.9093, "area_ha": 1.08, "elevation_m": 1548, "slope_deg": 17.2, "aspect_deg": 105, "aspect_compass": "ESE", "ndvi": 0.502, "canopy_closure": 0.0, "veg_class": "open meadow", "drive_minutes": 25.3, "hike_minutes": 0.0, "hike_km": 0.0, "land_status": "crown_land", "land_status_label": "Crown land", "land_flagged": false, "score_terrain": 0.95, "score_vegetation": 1.0, "score_access": 0.983, "score_observations": 0.741, "inat_nearby": 0, "inat_nearby_exact": 0, "lon": -117.773171, "lat": 49.208528 }, "geometry": { "type": "Point", "coordinates": [ -117.773171422740162, 49.208528455364032 ] } },
{ "type": "Feature", "properties": { "rank": 29, "score": 0.9265, "mean_score": 0.9145, "area_ha": 0.54, "elevation_m": 1474, "slope_deg": 17.5, "aspect_deg": 86, "aspect_compass": "E", "ndvi": 0.692, "canopy_closure": 0.0, "veg_class": "open meadow", "drive_minutes": 27.9, "hike_minutes": 21.5, "hike_km": 0.48, "land_status": "crown_land", "land_status_label": "Crown land", "land_flagged": false, "score_terrain": 0.819, "score_vegetation": 1.0, "score_access": 0.944, "score_observations": 0.959, "inat_nearby": 1, "inat_nearby_exact": 1, "lon": -117.768516, "lat": 49.200464 }, "geometry": { "type": "Point", "coordinates": [ -117.768515680596934, 49.20046365540415 ] } },
{ "type": "Feature", "properties": { "rank": 30, "score": 0.926, "mean_score": 0.9072, "area_ha": 0.54, "elevation_m": 1494, "slope_deg": 4.5, "aspect_deg": 130, "aspect_compass": "SE", "ndvi": 0.724, "canopy_closure": 0.133, "veg_class": "open meadow", "drive_minutes": 11.5, "hike_minutes": 0.0, "hike_km": 0.0, "land_status": "crown_land", "land_status_label": "Crown land", "land_flagged": false, "score_terrain": 0.985, "score_vegetation": 0.96, "score_access": 1.0, "score_observations": 0.713, "inat_nearby": 0, "inat_nearby_exact": 0, "lon": -117.832073, "lat": 49.159544 }, "geometry": { "type": "Point", "coordinates": [ -117.832073147744879, 49.159543624536283 ] } },
{ "type": "Feature", "properties": { "rank": 31, "score": 0.9229, "mean_score": 0.9098, "area_ha": 1.08, "elevation_m": 2020, "slope_deg": 25.8, "aspect_deg": 305, "aspect_compass": "NW", "ndvi": 0.589, "canopy_closure": 0.0, "veg_class": "open meadow", "drive_minutes": 11.8, "hike_minutes": 101.5, "hike_km": 2.37, "land_status": "crown_land", "land_status_label": "Crown land", "land_flagged": false, "score_terrain": 0.918, "score_vegetation": 1.0, "score_access": 0.779, "score_observations": 0.958, "inat_nearby": 1, "inat_nearby_exact": 1, "lon": -117.902343, "lat": 49.154428 }, "geometry": { "type": "Point", "coordinates": [ -117.902343418292077, 49.154428148823165 ] } },
{ "type": "Feature", "properties": { "rank": 32, "score": 0.9228, "mean_score": 0.9112, "area_ha": 0.72, "elevation_m": 1458, "slope_deg": 13.8, "aspect_deg": 152, "aspect_compass": "SSE", "ndvi": 0.648, "canopy_closure": 0.0, "veg_class": "open meadow", "drive_minutes": 12.2, "hike_minutes": 18.5, "hike_km": 0.64, "land_status": "crown_land", "land_status_label": "Crown land", "land_flagged": false, "score_terrain": 0.905, "score_vegetation": 1.0, "score_access": 0.959, "score_observations": 0.798, "inat_nearby": 0, "inat_nearby_exact": 0, "lon": -117.839364, "lat": 49.177032 }, "geometry": { "type": "Point", "coordinates": [ -117.839363907841118, 49.177032065948694 ] } },
{ "type": "Feature", "properties": { "rank": 33, "score": 0.9222, "mean_score": 0.91, "area_ha": 9.72, "elevation_m": 1536, "slope_deg": 11.3, "aspect_deg": 132, "aspect_compass": "SE", "ndvi": 0.675, "canopy_closure": 0.0, "veg_class": "open meadow", "drive_minutes": 45.2, "hike_minutes": 16.3, "hike_km": 0.45, "land_status": "crown_land", "land_status_label": "Crown land", "land_flagged": false, "score_terrain": 0.999, "score_vegetation": 1.0, "score_access": 0.845, "score_observations": 0.767, "inat_nearby": 0, "inat_nearby_exact": 0, "lon": -117.78376, "lat": 49.200901 }, "geometry": { "type": "Point", "coordinates": [ -117.783759887572259, 49.200900938280995 ] } },
{ "type": "Feature", "properties": { "rank": 34, "score": 0.9219, "mean_score": 0.9089, "area_ha": 30.51, "elevation_m": 1970, "slope_deg": 22.4, "aspect_deg": 243, "aspect_compass": "WSW", "ndvi": 0.617, "canopy_closure": 0.0, "veg_class": "open meadow", "drive_minutes": 61.9, "hike_minutes": 20.9, "hike_km": 0.23, "land_status": "crown_land", "land_status_label": "Crown land", "land_flagged": false, "score_terrain": 1.0, "score_vegetation": 1.0, "score_access": 0.767, "score_observations": 0.843, "inat_nearby": 2, "inat_nearby_exact": 0, "lon": -117.49381, "lat": 49.322052 }, "geometry": { "type": "Point", "coordinates": [ -117.493809990266584, 49.322051504829865 ] } },
{ "type": "Feature", "properties": { "rank": 35, "score": 0.9217, "mean_score": 0.9091, "area_ha": 0.54, "elevation_m": 1499, "slope_deg": 5.4, "aspect_deg": 276, "aspect_compass": "W", "ndvi": 0.715, "canopy_closure": 0.0, "veg_class": "open meadow", "drive_minutes": 11.5, "hike_minutes": 7.4, "hike_km": 0.47, "land_status": "crown_land", "land_status_label": "Crown land", "land_flagged": false, "score_terrain": 0.996, "score_vegetation": 1.0, "score_access": 0.977, "score_observations": 0.637, "inat_nearby": 0, "inat_nearby_exact": 0, "lon": -117.827167, "lat": 49.161468 }, "geometry": { "type": "Point", "coordinates": [ -117.827167434534573, 49.161467925899025 ] } },
{ "type": "Feature", "properties": { "rank": 36, "score": 0.9212, "mean_score": 0.908, "area_ha": 8.19, "elevation_m": 1503, "slope_deg": 8.0, "aspect_deg": 227, "aspect_compass": "SW", "ndvi": 0.658, "canopy_closure": 0.0, "veg_class": "open meadow", "drive_minutes": 11.5, "hike_minutes": 6.0, "hike_km": 0.28, "land_status": "crown_land", "land_status_label": "Crown land", "land_flagged": false, "score_terrain": 1.0, "score_vegetation": 1.0, "score_access": 0.997, "score_observations": 0.609, "inat_nearby": 0, "inat_nearby_exact": 0, "lon": -117.825906, "lat": 49.159858 }, "geometry": { "type": "Point", "coordinates": [ -117.825906169317861, 49.159857764205562 ] } },
{ "type": "Feature", "properties": { "rank": 37, "score": 0.9153, "mean_score": 0.9049, "area_ha": 31.32, "elevation_m": 1988, "slope_deg": 15.4, "aspect_deg": 255, "aspect_compass": "WSW", "ndvi": 0.685, "canopy_closure": 0.0, "veg_class": "open meadow", "drive_minutes": 15.9, "hike_minutes": 6.0, "hike_km": 0.25, "land_status": "crown_land", "land_status_label": "Crown land", "land_flagged": false, "score_terrain": 1.0, "score_vegetation": 1.0, "score_access": 1.0, "score_observations": 0.577, "inat_nearby": 0, "inat_nearby_exact": 0, "lon": -117.866844, "lat": 49.124205 }, "geometry": { "type": "Point", "coordinates": [ -117.866843856299212, 49.124205217761144 ] } },
{ "type": "Feature", "properties": { "rank": 38, "score": 0.9149, "mean_score": 0.9038, "area_ha": 9.9, "elevation_m": 1812, "slope_deg": 18.4, "aspect_deg": 166, "aspect_compass": "SSE", "ndvi": 0.535, "canopy_closure": 0.0, "veg_class": "open meadow", "drive_minutes": 61.9, "hike_minutes": 5.5, "hike_km": 0.11, "land_status": "private", "land_status_label": "Private property", "land_flagged": true, "score_terrain": 1.0, "score_vegetation": 1.0, "score_access": 0.767, "score_observations": 0.808, "inat_nearby": 2, "inat_nearby_exact": 0, "lon": -117.499999, "lat": 49.321755 }, "geometry": { "type": "Point", "coordinates": [ -117.499999418077621, 49.321755038855919 ] } },
{ "type": "Feature", "properties": { "rank": 39, "score": 0.9147, "mean_score": 0.9085, "area_ha": 0.72, "elevation_m": 1879, "slope_deg": 8.1, "aspect_deg": 184, "aspect_compass": "S", "ndvi": 0.496, "canopy_closure": 0.0, "veg_class": "open meadow", "drive_minutes": 61.9, "hike_minutes": 5.3, "hike_km": 0.16, "land_status": "private", "land_status_label": "Private property", "land_flagged": true, "score_terrain": 1.0, "score_vegetation": 1.0, "score_access": 0.767, "score_observations": 0.807, "inat_nearby": 2, "inat_nearby_exact": 0, "lon": -117.499198, "lat": 49.324187 }, "geometry": { "type": "Point", "coordinates": [ -117.499198351610985, 49.324187195338226 ] } },
{ "type": "Feature", "properties": { "rank": 40, "score": 0.9139, "mean_score": 0.9035, "area_ha": 0.63, "elevation_m": 1422, "slope_deg": 13.8, "aspect_deg": 123, "aspect_compass": "ESE", "ndvi": 0.657, "canopy_closure": 0.016, "veg_class": "open meadow", "drive_minutes": 27.9, "hike_minutes": 29.4, "hike_km": 0.89, "land_status": "crown_land", "land_status_label": "Crown land", "land_flagged": false, "score_terrain": 0.815, "score_vegetation": 0.995, "score_access": 0.901, "score_observations": 0.953, "inat_nearby": 1, "inat_nearby_exact": 1, "lon": -117.764672, "lat": 49.191584 }, "geometry": { "type": "Point", "coordinates": [ -117.764672407219095, 49.191583693753515 ] } },
{ "type": "Feature", "properties": { "rank": 41, "score": 0.9127, "mean_score": 0.907, "area_ha": 0.54, "elevation_m": 1553, "slope_deg": 7.0, "aspect_deg": 204, "aspect_compass": "SSW", "ndvi": 0.62, "canopy_closure": 0.0, "veg_class": "open meadow", "drive_minutes": 45.2, "hike_minutes": 1.3, "hike_km": 0.06, "land_status": "crown_land", "land_status_label": "Crown land", "land_flagged": false, "score_terrain": 1.0, "score_vegetation": 1.0, "score_access": 0.865, "score_observations": 0.698, "inat_nearby": 0, "inat_nearby_exact": 0, "lon": -117.789066, "lat": 49.197896 }, "geometry": { "type": "Point", "coordinates": [ -117.789065777425677, 49.197896318981108 ] } },
{ "type": "Feature", "properties": { "rank": 42, "score": 0.9125, "mean_score": 0.9001, "area_ha": 0.54, "elevation_m": 1411, "slope_deg": 8.2, "aspect_deg": 198, "aspect_compass": "SSW", "ndvi": 0.729, "canopy_closure": 0.304, "veg_class": "open meadow", "drive_minutes": 13.8, "hike_minutes": 5.7, "hike_km": 0.16, "land_status": "crown_land", "land_status_label": "Crown land", "land_flagged": false, "score_terrain": 0.799, "score_vegetation": 0.909, "score_access": 1.0, "score_observations": 1.0, "inat_nearby": 0, "inat_nearby_exact": 0, "lon": -117.844655, "lat": 49.173485 }, "geometry": { "type": "Point", "coordinates": [ -117.844654681950843, 49.17348525040309 ] } },
{ "type": "Feature", "properties": { "rank": 43, "score": 0.9122, "mean_score": 0.9027, "area_ha": 0.54, "elevation_m": 1969, "slope_deg": 26.0, "aspect_deg": 246, "aspect_compass": "WSW", "ndvi": 0.687, "canopy_closure": 0.029, "veg_class": "open meadow", "drive_minutes": 13.5, "hike_minutes": 131.9, "hike_km": 2.47, "land_status": "crown_land", "land_status_label": "Crown land", "land_flagged": false, "score_terrain": 0.981, "score_vegetation": 0.991, "score_access": 0.768, "score_observations": 0.835, "inat_nearby": 0, "inat_nearby_exact": 0, "lon": -117.902476, "lat": 49.161713 }, "geometry": { "type": "Point", "coordinates": [ -117.902475783836309, 49.161713492832327 ] } },
{ "type": "Feature", "properties": { "rank": 44, "score": 0.9119, "mean_score": 0.9027, "area_ha": 0.72, "elevation_m": 1462, "slope_deg": 11.8, "aspect_deg": 127, "aspect_compass": "SE", "ndvi": 0.695, "canopy_closure": 0.0, "veg_class": "open meadow", "drive_minutes": 25.3, "hike_minutes": 0.6, "hike_km": 0.03, "land_status": "crown_land", "land_status_label": "Crown land", "land_flagged": false, "score_terrain": 0.912, "score_vegetation": 1.0, "score_access": 0.983, "score_observations": 0.709, "inat_nearby": 0, "inat_nearby_exact": 0, "lon": -117.761249, "lat": 49.209957 }, "geometry": { "type": "Point", "coordinates": [ -117.761248670956249, 49.209956962896207 ] } },
{ "type": "Feature", "properties": { "rank": 45, "score": 0.9118, "mean_score": 0.9062, "area_ha": 0.54, "elevation_m": 1793, "slope_deg": 23.4, "aspect_deg": 201, "aspect_compass": "SSW", "ndvi": 0.497, "canopy_closure": 0.0, "veg_class": "open meadow", "drive_minutes": 15.9, "hike_minutes": 50.1, "hike_km": 1.43, "land_status": "crown_land", "land_status_label": "Crown land", "land_flagged": false, "score_terrain": 1.0, "score_vegetation": 1.0, "score_access": 0.877, "score_observations": 0.682, "inat_nearby": 1, "inat_nearby_exact": 0, "lon": -117.879221, "lat": 49.12654 }, "geometry": { "type": "Point", "coordinates": [ -117.879220793917639, 49.126540425241515 ] } },
{ "type": "Feature", "properties": { "rank": 46, "score": 0.9111, "mean_score": 0.9035, "area_ha": 1.17, "elevation_m": 1580, "slope_deg": 12.6, "aspect_deg": 126, "aspect_compass": "SE", "ndvi": 0.69, "canopy_closure": 0.0, "veg_class": "open meadow", "drive_minutes": 45.2, "hike_minutes": 3.6, "hike_km": 0.1, "land_status": "crown_land", "land_status_label": "Crown land", "land_flagged": false, "score_terrain": 0.995, "score_vegetation": 1.0, "score_access": 0.865, "score_observations": 0.697, "inat_nearby": 0, "inat_nearby_exact": 0, "lon": -117.78868, "lat": 49.199518 }, "geometry": { "type": "Point", "coordinates": [ -117.78867976858912, 49.199518132776475 ] } },
{ "type": "Feature", "properties": { "rank": 47, "score": 0.9101, "mean_score": 0.9061, "area_ha": 0.9, "elevation_m": 1762, "slope_deg": 23.2, "aspect_deg": 191, "aspect_compass": "SSW", "ndvi": 0.617, "canopy_closure": 0.0, "veg_class": "open meadow", "drive_minutes": 15.9, "hike_minutes": 50.3, "hike_km": 1.26, "land_status": "crown_land", "land_status_label": "Crown land", "land_flagged": false, "score_terrain": 1.0, "score_vegetation": 1.0, "score_access": 0.894, "score_observations": 0.656, "inat_nearby": 0, "inat_nearby_exact": 0, "lon": -117.87674, "lat": 49.12575 }, "geometry": { "type": "Point", "coordinates": [ -117.876739605553311, 49.125749693371382 ] } },
{ "type": "Feature", "properties": { "rank": 48, "score": 0.9091, "mean_score": 0.9013, "area_ha": 2.79, "elevation_m": 1516, "slope_deg": 24.2, "aspect_deg": 270, "aspect_compass": "W", "ndvi": 0.671, "canopy_closure": 0.0, "veg_class": "open meadow", "drive_minutes": 19.1, "hike_minutes": 10.3, "hike_km": 0.2, "land_status": "crown_land", "land_status_label": "Crown land", "land_flagged": false, "score_terrain": 1.0, "score_vegetation": 1.0, "score_access": 1.0, "score_observations": 0.545, "inat_nearby": 0, "inat_nearby_exact": 0, "lon": -117.920017, "lat": 49.242264 }, "geometry": { "type": "Point", "coordinates": [ -117.920017439392424, 49.242264410807969 ] } },
{ "type": "Feature", "properties": { "rank": 49, "score": 0.9086, "mean_score": 0.9036, "area_ha": 1.17, "elevation_m": 1589, "slope_deg": 13.3, "aspect_deg": 129, "aspect_compass": "SE", "ndvi": 0.705, "canopy_closure": 0.0, "veg_class": "open meadow", "drive_minutes": 49.4, "hike_minutes": 11.1, "hike_km": 0.44, "land_status": "crown_land", "land_status_label": "Crown land", "land_flagged": false, "score_terrain": 0.998, "score_vegetation": 1.0, "score_access": 0.821, "score_observations": 0.726, "inat_nearby": 0, "inat_nearby_exact": 0, "lon": -117.782996, "lat": 49.204684 }, "geometry": { "type": "Point", "coordinates": [ -117.782995974686898, 49.204684196423436 ] } },
{ "type": "Feature", "properties": { "rank": 50, "score": 0.9067, "mean_score": 0.9014, "area_ha": 1.17, "elevation_m": 1517, "slope_deg": 15.0, "aspect_deg": 219, "aspect_compass": "SW", "ndvi": 0.706, "canopy_closure": 0.0, "veg_class": "open meadow", "drive_minutes": 45.2, "hike_minutes": 2.8, "hike_km": 0.07, "land_status": "crown_land", "land_status_label": "Crown land", "land_flagged": false, "score_terrain": 1.0, "score_vegetation": 1.0, "score_access": 0.865, "score_observations": 0.668, "inat_nearby": 0, "inat_nearby_exact": 0, "lon": -117.791103, "lat": 49.196533 }, "geometry": { "type": "Point", "coordinates": [ -117.791103022433106, 49.196533067497242 ] } },
{ "type": "Feature", "properties": { "rank": 51, "score": 0.9066, "mean_score": 0.9019, "area_ha": 0.9, "elevation_m": 1730, "slope_deg": 24.5, "aspect_deg": 210, "aspect_compass": "SSW", "ndvi": 0.484, "canopy_closure": 0.0, "veg_class": "open meadow", "drive_minutes": 15.9, "hike_minutes": 80.7, "hike_km": 1.97, "land_status": "crown_land", "land_status_label": "Crown land", "land_flagged": false, "score_terrain": 1.0, "score_vegetation": 1.0, "score_access": 0.82, "score_observations": 0.713, "inat_nearby": 1, "inat_nearby_exact": 0, "lon": -117.884987, "lat": 49.127036 }, "geometry": { "type": "Point", "coordinates": [ -117.884986524664754, 49.127036105390978 ] } },
{ "type": "Feature", "properties": { "rank": 52, "score": 0.9058, "mean_score": 0.9008, "area_ha": 38.25, "elevation_m": 2014, "slope_deg": 18.6, "aspect_deg": 271, "aspect_compass": "W", "ndvi": 0.504, "canopy_closure": 0.0, "veg_class": "open meadow", "drive_minutes": 15.3, "hike_minutes": 0.0, "hike_km": 0.0, "land_status": "crown_land", "land_status_label": "Crown land", "land_flagged": false, "score_terrain": 1.0, "score_vegetation": 1.0, "score_access": 1.0, "score_observations": 0.529, "inat_nearby": 0, "inat_nearby_exact": 0, "lon": -117.865493, "lat": 49.117469 }, "geometry": { "type": "Point", "coordinates": [ -117.865493051595223, 49.117468672610507 ] } },
{ "type": "Feature", "properties": { "rank": 53, "score": 0.9054, "mean_score": 0.8994, "area_ha": 0.54, "elevation_m": 1475, "slope_deg": 15.7, "aspect_deg": 81, "aspect_compass": "E", "ndvi": 0.7, "canopy_closure": 0.198, "veg_class": "open meadow", "drive_minutes": 27.9, "hike_minutes": 29.0, "hike_km": 0.71, "land_status": "crown_land", "land_status_label": "Crown land", "land_flagged": false, "score_terrain": 0.804, "score_vegetation": 0.941, "score_access": 0.92, "score_observations": 0.99, "inat_nearby": 1, "inat_nearby_exact": 1, "lon": -117.767592, "lat": 49.193993 }, "geometry": { "type": "Point", "coordinates": [ -117.767591901716628, 49.193993092978758 ] } },
{ "type": "Feature", "properties": { "rank": 54, "score": 0.9053, "mean_score": 0.8993, "area_ha": 0.54, "elevation_m": 1431, "slope_deg": 14.7, "aspect_deg": 84, "aspect_compass": "E", "ndvi": 0.727, "canopy_closure": 0.0, "veg_class": "open meadow", "drive_minutes": 27.9, "hike_minutes": 15.5, "hike_km": 0.43, "land_status": "crown_land", "land_status_label": "Crown land", "land_flagged": false, "score_terrain": 0.719, "score_vegetation": 1.0, "score_access": 0.949, "score_observations": 0.998, "inat_nearby": 1, "inat_nearby_exact": 1, "lon": -117.765571, "lat": 49.196435 }, "geometry": { "type": "Point", "coordinates": [ -117.765570767623942, 49.196435273681615 ] } },
{ "type": "Feature", "properties": { "rank": 55, "score": 0.9052, "mean_score": 0.9002, "area_ha": 0.99, "elevation_m": 1865, "slope_deg": 24.6, "aspect_deg": 149, "aspect_compass": "SSE", "ndvi": 0.629, "canopy_closure": 0.0, "veg_class": "open meadow", "drive_minutes": 12.6, "hike_minutes": 11.9, "hike_km": 0.18, "land_status": "crown_land", "land_status_label": "Crown land", "land_flagged": false, "score_terrain": 1.0, "score_vegetation": 1.0, "score_access": 1.0, "score_observations": 0.526, "inat_nearby": 0, "inat_nearby_exact": 0, "lon": -117.85372, "lat": 49.126192 }, "geometry": { "type": "Point", "coordinates": [ -117.853719947381634, 49.126192081563133 ] } },
{ "type": "Feature", "properties": { "rank": 56, "score": 0.9044, "mean_score": 0.9018, "area_ha": 4.32, "elevation_m": 1505, "slope_deg": 17.9, "aspect_deg": 186, "aspect_compass": "S", "ndvi": 0.486, "canopy_closure": 0.0, "veg_class": "open meadow", "drive_minutes": 18.9, "hike_minutes": 2.2, "hike_km": 0.06, "land_status": "crown_land", "land_status_label": "Crown land", "land_flagged": false, "score_terrain": 1.0, "score_vegetation": 1.0, "score_access": 1.0, "score_observations": 0.522, "inat_nearby": 0, "inat_nearby_exact": 0, "lon": -117.871377, "lat": 49.195146 }, "geometry": { "type": "Point", "coordinates": [ -117.871377113901204, 49.195145709686393 ] } },
{ "type": "Feature", "properties": { "rank": 57, "score": 0.9043, "mean_score": 0.9004, "area_ha": 0.99, "elevation_m": 1558, "slope_deg": 16.6, "aspect_deg": 219, "aspect_compass": "SW", "ndvi": 0.73, "canopy_closure": 0.0, "veg_class": "open meadow", "drive_minutes": 45.2, "hike_minutes": 4.7, "hike_km": 0.11, "land_status": "crown_land", "land_status_label": "Crown land", "land_flagged": false, "score_terrain": 1.0, "score_vegetation": 1.0, "score_access": 0.865, "score_observations": 0.656, "inat_nearby": 0, "inat_nearby_exact": 0, "lon": -117.791554, "lat": 49.198959 }, "geometry": { "type": "Point", "coordinates": [ -117.791553519077269, 49.198958747198041 ] } },
{ "type": "Feature", "properties": { "rank": 58, "score": 0.9042, "mean_score": 0.8987, "area_ha": 21.33, "elevation_m": 1526, "slope_deg": 14.8, "aspect_deg": 267, "aspect_compass": "W", "ndvi": 0.594, "canopy_closure": 0.0, "veg_class": "open meadow", "drive_minutes": 19.1, "hike_minutes": 0.7, "hike_km": 0.03, "land_status": "crown_land", "land_status_label": "Crown land", "land_flagged": false, "score_terrain": 1.0, "score_vegetation": 1.0, "score_access": 1.0, "score_observations": 0.521, "inat_nearby": 0, "inat_nearby_exact": 0, "lon": -117.921088, "lat": 49.23335 }, "geometry": { "type": "Point", "coordinates": [ -117.921088154162746, 49.233350418423136 ] } },
{ "type": "Feature", "properties": { "rank": 59, "score": 0.9041, "mean_score": 0.9017, "area_ha": 0.81, "elevation_m": 1585, "slope_deg": 15.1, "aspect_deg": 274, "aspect_compass": "W", "ndvi": 0.617, "canopy_closure": 0.0, "veg_class": "open meadow", "drive_minutes": 20.2, "hike_minutes": 12.4, "hike_km": 0.33, "land_status": "crown_land", "land_status_label": "Crown land", "land_flagged": false, "score_terrain": 0.999, "score_vegetation": 1.0, "score_access": 0.992, "score_observations": 0.53, "inat_nearby": 0, "inat_nearby_exact": 0, "lon": -117.916696, "lat": 49.240942 }, "geometry": { "type": "Point", "coordinates": [ -117.916695602111119, 49.240941508137539 ] } },
{ "type": "Feature", "properties": { "rank": 60, "score": 0.904, "mean_score": 0.9025, "area_ha": 0.72, "elevation_m": 1509, "slope_deg": 14.6, "aspect_deg": 253, "aspect_compass": "WSW", "ndvi": 0.688, "canopy_closure": 0.0, "veg_class": "open meadow", "drive_minutes": 19.1, "hike_minutes": 0.7, "hike_km": 0.03, "land_status": "crown_land", "land_status_label": "Crown land", "land_flagged": false, "score_terrain": 1.0, "score_vegetation": 1.0, "score_access": 1.0, "score_observations": 0.52, "inat_nearby": 0, "inat_nearby_exact": 0, "lon": -117.921897, "lat": 49.232534 }, "geometry": { "type": "Point", "coordinates": [ -117.921897156038995, 49.232534376692222 ] } },
{ "type": "Feature", "properties": { "rank": 61, "score": 0.9038, "mean_score": 0.8979, "area_ha": 12.69, "elevation_m": 1567, "slope_deg": 23.0, "aspect_deg": 271, "aspect_compass": "W", "ndvi": 0.67, "canopy_closure": 0.0, "veg_class": "open meadow", "drive_minutes": 19.1, "hike_minutes": 20.4, "hike_km": 0.36, "land_status": "crown_land", "land_status_label": "Crown land", "land_flagged": false, "score_terrain": 1.0, "score_vegetation": 1.0, "score_access": 0.989, "score_observations": 0.531, "inat_nearby": 0, "inat_nearby_exact": 0, "lon": -117.917907, "lat": 49.239583 }, "geometry": { "type": "Point", "coordinates": [ -117.917906887090879, 49.239582578149552 ] } },
{ "type": "Feature", "properties": { "rank": 62, "score": 0.9038, "mean_score": 0.8998, "area_ha": 3.51, "elevation_m": 1860, "slope_deg": 20.4, "aspect_deg": 141, "aspect_compass": "SE", "ndvi": 0.676, "canopy_closure": 0.0, "veg_class": "open meadow", "drive_minutes": 11.8, "hike_minutes": 22.9, "hike_km": 0.26, "land_status": "crown_land", "land_status_label": "Crown land", "land_flagged": false, "score_terrain": 1.0, "score_vegetation": 1.0, "score_access": 0.999, "score_observations": 0.52, "inat_nearby": 0, "inat_nearby_exact": 0, "lon": -117.85086, "lat": 49.127293 }, "geometry": { "type": "Point", "coordinates": [ -117.850860349068995, 49.127292659394918 ] } },
{ "type": "Feature", "properties": { "rank": 63, "score": 0.9033, "mean_score": 0.8976, "area_ha": 1.08, "elevation_m": 1497, "slope_deg": 6.6, "aspect_deg": 151, "aspect_compass": "SSE", "ndvi": 0.547, "canopy_closure": 0.0, "veg_class": "open meadow", "drive_minutes": 18.9, "hike_minutes": 0.4, "hike_km": 0.03, "land_status": "crown_land", "land_status_label": "Crown land", "land_flagged": false, "score_terrain": 0.993, "score_vegetation": 1.0, "score_access": 1.0, "score_observations": 0.527, "inat_nearby": 0, "inat_nearby_exact": 0, "lon": -117.869309, "lat": 49.194622 }, "geometry": { "type": "Point", "coordinates": [ -117.869309047863752, 49.194621567155323 ] } },
{ "type": "Feature", "properties": { "rank": 64, "score": 0.9032, "mean_score": 0.8972, "area_ha": 4.5, "elevation_m": 1837, "slope_deg": 14.5, "aspect_deg": 146, "aspect_compass": "SE", "ndvi": 0.584, "canopy_closure": 0.0, "veg_class": "open meadow", "drive_minutes": 68.0, "hike_minutes": 0.7, "hike_km": 0.03, "land_status": "crown_land", "land_status_label": "Crown land", "land_flagged": false, "score_terrain": 1.0, "score_vegetation": 1.0, "score_access": 0.73, "score_observations": 0.786, "inat_nearby": 2, "inat_nearby_exact": 0, "lon": -117.485501, "lat": 49.31669 }, "geometry": { "type": "Point", "coordinates": [ -117.485500707195882, 49.316689610133984 ] } },
{ "type": "Feature", "properties": { "rank": 65, "score": 0.903, "mean_score": 0.901, "area_ha": 5.94, "elevation_m": 1525, "slope_deg": 17.9, "aspect_deg": 267, "aspect_compass": "W", "ndvi": 0.659, "canopy_closure": 0.0, "veg_class": "open meadow", "drive_minutes": 19.1, "hike_minutes": 0.9, "hike_km": 0.03, "land_status": "crown_land", "land_status_label": "Crown land", "land_flagged": false, "score_terrain": 1.0, "score_vegetation": 1.0, "score_access": 1.0, "score_observations": 0.515, "inat_nearby": 0, "inat_nearby_exact": 0, "lon": -117.920636, "lat": 49.231195 }, "geometry": { "type": "Point", "coordinates": [ -117.92063600369768, 49.231195121599917 ] } },
{ "type": "Feature", "properties": { "rank": 66, "score": 0.9029, "mean_score": 0.8998, "area_ha": 5.94, "elevation_m": 1956, "slope_deg": 7.9, "aspect_deg": 258, "aspect_compass": "WSW", "ndvi": 0.661, "canopy_closure": 0.0, "veg_class": "open meadow", "drive_minutes": 14.5, "hike_minutes": 0.3, "hike_km": 0.03, "land_status": "crown_land", "land_status_label": "Crown land", "land_flagged": false, "score_terrain": 1.0, "score_vegetation": 1.0, "score_access": 1.0, "score_observations": 0.514, "inat_nearby": 0, "inat_nearby_exact": 0, "lon": -117.869098, "lat": 49.112044 }, "geometry": { "type": "Point", "coordinates": [ -117.869098467831364, 49.112044235814416 ] } },
{ "type": "Feature", "properties": { "rank": 67, "score": 0.9028, "mean_score": 0.9001, "area_ha": 2.7, "elevation_m": 1762, "slope_deg": 24.8, "aspect_deg": 150, "aspect_compass": "SSE", "ndvi": 0.523, "canopy_closure": 0.0, "veg_class": "open meadow", "drive_minutes": 11.8, "hike_minutes": 1.4, "hike_km": 0.03, "land_status": "crown_land", "land_status_label": "Crown land", "land_flagged": false, "score_terrain": 1.0, "score_vegetation": 1.0, "score_access": 1.0, "score_observations": 0.514, "inat_nearby": 0, "inat_nearby_exact": 0, "lon": -117.849188, "lat": 49.125686 }, "geometry": { "type": "Point", "coordinates": [ -117.849188052358159, 49.125685771452154 ] } },
{ "type": "Feature", "properties": { "rank": 68, "score": 0.9023, "mean_score": 0.9009, "area_ha": 3.6, "elevation_m": 1533, "slope_deg": 16.1, "aspect_deg": 142, "aspect_compass": "SE", "ndvi": 0.606, "canopy_closure": 0.0, "veg_class": "open meadow", "drive_minutes": 22.3, "hike_minutes": 1.1, "hike_km": 0.04, "land_status": "crown_land", "land_status_label": "Crown land", "land_flagged": false, "score_terrain": 1.0, "score_vegetation": 1.0, "score_access": 1.0, "score_observations": 0.512, "inat_nearby": 0, "inat_nearby_exact": 0, "lon": -117.869778, "lat": 49.197856 }, "geometry": { "type": "Point", "coordinates": [ -117.869777541624885, 49.197856405101945 ] } },
{ "type": "Feature", "properties": { "rank": 69, "score": 0.9021, "mean_score": 0.8996, "area_ha": 6.57, "elevation_m": 2010, "slope_deg": 4.3, "aspect_deg": 142, "aspect_compass": "SE", "ndvi": 0.512, "canopy_closure": 0.0, "veg_class": "open meadow", "drive_minutes": 14.1, "hike_minutes": 14.6, "hike_km": 0.28, "land_status": "crown_land", "land_status_label": "Crown land", "land_flagged": false, "score_terrain": 1.0, "score_vegetation": 1.0, "score_access": 0.997, "score_observations": 0.513, "inat_nearby": 0, "inat_nearby_exact": 0, "lon": -117.873591, "lat": 49.110391 }, "geometry": { "type": "Point", "coordinates": [ -117.873591404887662, 49.110391116636883 ] } },
{ "type": "Feature", "properties": { "rank": 70, "score": 0.9018, "mean_score": 0.8981, "area_ha": 1.26, "elevation_m": 1648, "slope_deg": 23.5, "aspect_deg": 137, "aspect_compass": "SE", "ndvi": 0.602, "canopy_closure": 0.0, "veg_class": "open meadow", "drive_minutes": 14.8, "hike_minutes": 8.9, "hike_km": 0.11, "land_status": "crown_land", "land_status_label": "Crown land", "land_flagged": false, "score_terrain": 1.0, "score_vegetation": 1.0, "score_access": 1.0, "score_observations": 0.509, "inat_nearby": 0, "inat_nearby_exact": 0, "lon": -117.887415, "lat": 49.193944 }, "geometry": { "type": "Point", "coordinates": [ -117.887414890158709, 49.19394413395851 ] } },
{ "type": "Feature", "properties": { "rank": 71, "score": 0.9014, "mean_score": 0.8997, "area_ha": 0.54, "elevation_m": 1785, "slope_deg": 22.4, "aspect_deg": 137, "aspect_compass": "SE", "ndvi": 0.611, "canopy_closure": 0.0, "veg_class": "open meadow", "drive_minutes": 12.1, "hike_minutes": 0.0, "hike_km": 0.0, "land_status": "crown_land", "land_status_label": "Crown land", "land_flagged": false, "score_terrain": 1.0, "score_vegetation": 1.0, "score_access": 1.0, "score_observations": 0.507, "inat_nearby": 0, "inat_nearby_exact": 0, "lon": -117.858019, "lat": 49.113207 }, "geometry": { "type": "Point", "coordinates": [ -117.858019149006111, 49.113206585508344 ] } },
{ "type": "Feature", "properties": { "rank": 72, "score": 0.9014, "mean_score": 0.8996, "area_ha": 1.71, "elevation_m": 1625, "slope_deg": 18.3, "aspect_deg": 137, "aspect_compass": "SE", "ndvi": 0.612, "canopy_closure": 0.0, "veg_class": "open meadow", "drive_minutes": 18.6, "hike_minutes": 7.3, "hike_km": 0.25, "land_status": "crown_land", "land_status_label": "Crown land", "land_flagged": false, "score_terrain": 1.0, "score_vegetation": 1.0, "score_access": 1.0, "score_observations": 0.507, "inat_nearby": 0, "inat_nearby_exact": 0, "lon": -117.88539, "lat": 49.195849 }, "geometry": { "type": "Point", "coordinates": [ -117.88539005326183, 49.195848723030807 ] } },
{ "type": "Feature", "properties": { "rank": 73, "score": 0.9011, "mean_score": 0.8976, "area_ha": 7.74, "elevation_m": 1609, "slope_deg": 21.7, "aspect_deg": 173, "aspect_compass": "S", "ndvi": 0.583, "canopy_closure": 0.0, "veg_class": "open meadow", "drive_minutes": 22.3, "hike_minutes": 3.2, "hike_km": 0.06, "land_status": "crown_land", "land_status_label": "Crown land", "land_flagged": false, "score_terrain": 1.0, "score_vegetation": 1.0, "score_access": 1.0, "score_observations": 0.506, "inat_nearby": 0, "inat_nearby_exact": 0, "lon": -117.869001, "lat": 49.200561 }, "geometry": { "type": "Point", "coordinates": [ -117.869001329748883, 49.20056088453714 ] } },
{ "type": "Feature", "properties": { "rank": 74, "score": 0.9011, "mean_score": 0.9008, "area_ha": 0.54, "elevation_m": 1755, "slope_deg": 20.2, "aspect_deg": 163, "aspect_compass": "SSE", "ndvi": 0.623, "canopy_closure": 0.0, "veg_class": "open meadow", "drive_minutes": 11.9, "hike_minutes": 1.5, "hike_km": 0.04, "land_status": "crown_land", "land_status_label": "Crown land", "land_flagged": false, "score_terrain": 1.0, "score_vegetation": 1.0, "score_access": 1.0, "score_observations": 0.506, "inat_nearby": 0, "inat_nearby_exact": 0, "lon": -117.850685, "lat": 49.117039 }, "geometry": { "type": "Point", "coordinates": [ -117.850684937819608, 49.117039006615151 ] } },
{ "type": "Feature", "properties": { "rank": 75, "score": 0.901, "mean_score": 0.8992, "area_ha": 0.63, "elevation_m": 1620, "slope_deg": 18.7, "aspect_deg": 281, "aspect_compass": "W", "ndvi": 0.61, "canopy_closure": 0.0, "veg_class": "open meadow", "drive_minutes": 22.5, "hike_minutes": 0.9, "hike_km": 0.03, "land_status": "crown_land", "land_status_label": "Crown land", "land_flagged": false, "score_terrain": 0.993, "score_vegetation": 1.0, "score_access": 1.0, "score_observations": 0.515, "inat_nearby": 0, "inat_nearby_exact": 0, "lon": -117.909705, "lat": 49.241806 }, "geometry": { "type": "Point", "coordinates": [ -117.909704811970229, 49.241806359010887 ] } },
{ "type": "Feature", "properties": { "rank": 76, "score": 0.9009, "mean_score": 0.8967, "area_ha": 9.27, "elevation_m": 1650, "slope_deg": 22.8, "aspect_deg": 193, "aspect_compass": "SSW", "ndvi": 0.643, "canopy_closure": 0.0, "veg_class": "open meadow", "drive_minutes": 22.3, "hike_minutes": 9.9, "hike_km": 0.17, "land_status": "crown_land", "land_status_label": "Crown land", "land_flagged": false, "score_terrain": 1.0, "score_vegetation": 1.0, "score_access": 1.0, "score_observations": 0.504, "inat_nearby": 0, "inat_nearby_exact": 0, "lon": -117.865314, "lat": 49.201668 }, "geometry": { "type": "Point", "coordinates": [ -117.865314258321334, 49.201668022175554 ] } },
{ "type": "Feature", "properties": { "rank": 77, "score": 0.9009, "mean_score": 0.8972, "area_ha": 1.44, "elevation_m": 1662, "slope_deg": 19.9, "aspect_deg": 128, "aspect_compass": "SE", "ndvi": 0.646, "canopy_closure": 0.0, "veg_class": "open meadow", "drive_minutes": 14.8, "hike_minutes": 12.6, "hike_km": 0.24, "land_status": "crown_land", "land_status_label": "Crown land", "land_flagged": false, "score_terrain": 0.997, "score_vegetation": 1.0, "score_access": 1.0, "score_observations": 0.509, "inat_nearby": 0, "inat_nearby_exact": 0, "lon": -117.889459, "lat": 49.193119 }, "geometry": { "type": "Point", "coordinates": [ -117.889458923679612, 49.193118817219705 ] } },
{ "type": "Feature", "properties": { "rank": 78, "score": 0.9009, "mean_score": 0.8983, "area_ha": 0.54, "elevation_m": 1700, "slope_deg": 22.9, "aspect_deg": 145, "aspect_compass": "SE", "ndvi": 0.691, "canopy_closure": 0.0, "veg_class": "open meadow", "drive_minutes": 11.0, "hike_minutes": 1.3, "hike_km": 0.03, "land_status": "crown_land", "land_status_label": "Crown land", "land_flagged": false, "score_terrain": 1.0, "score_vegetation": 1.0, "score_access": 1.0, "score_observations": 0.505, "inat_nearby": 0, "inat_nearby_exact": 0, "lon": -117.856763, "lat": 49.111867 }, "geometry": { "type": "Point", "coordinates": [ -117.856762779985942, 49.111866579245991 ] } },
{ "type": "Feature", "properties": { "rank": 79, "score": 0.9009, "mean_score": 0.8987, "area_ha": 2.43, "elevation_m": 1581, "slope_deg": 17.3, "aspect_deg": 216, "aspect_compass": "SW", "ndvi": 0.598, "canopy_closure": 0.0, "veg_class": "open meadow", "drive_minutes": 19.1, "hike_minutes": 7.0, "hike_km": 0.16, "land_status": "crown_land", "land_status_label": "Crown land", "land_flagged": false, "score_terrain": 1.0, "score_vegetation": 1.0, "score_access": 1.0, "score_observations": 0.504, "inat_nearby": 0, "inat_nearby_exact": 0, "lon": -117.913974, "lat": 49.22747 }, "geometry": { "type": "Point", "coordinates": [ -117.913974055688982, 49.22746994775963 ] } },
{ "type": "Feature", "properties": { "rank": 80, "score": 0.9008, "mean_score": 0.8982, "area_ha": 0.72, "elevation_m": 1514, "slope_deg": 16.7, "aspect_deg": 209, "aspect_compass": "SSW", "ndvi": 0.612, "canopy_closure": 0.0, "veg_class": "open meadow", "drive_minutes": 19.1, "hike_minutes": 6.0, "hike_km": 0.13, "land_status": "crown_land", "land_status_label": "Crown land", "land_flagged": false, "score_terrain": 1.0, "score_vegetation": 1.0, "score_access": 1.0, "score_observations": 0.504, "inat_nearby": 0, "inat_nearby_exact": 0, "lon": -117.916411, "lat": 49.225562 }, "geometry": { "type": "Point", "coordinates": [ -117.916411031751025, 49.225561599032361 ] } },
{ "type": "Feature", "properties": { "rank": 81, "score": 0.9007, "mean_score": 0.8969, "area_ha": 0.54, "elevation_m": 1895, "slope_deg": 10.0, "aspect_deg": 272, "aspect_compass": "W", "ndvi": 0.565, "canopy_closure": 0.0, "veg_class": "open meadow", "drive_minutes": 61.9, "hike_minutes": 0.0, "hike_km": 0.0, "land_status": "crown_land", "land_status_label": "Crown land", "land_flagged": false, "score_terrain": 1.0, "score_vegetation": 1.0, "score_access": 0.767, "score_observations": 0.737, "inat_nearby": 2, "inat_nearby_exact": 0, "lon": -117.492062, "lat": 49.312344 }, "geometry": { "type": "Point", "coordinates": [ -117.492061958407362, 49.31234417757333 ] } },
{ "type": "Feature", "properties": { "rank": 82, "score": 0.9006, "mean_score": 0.8977, "area_ha": 0.54, "elevation_m": 1761, "slope_deg": 20.8, "aspect_deg": 129, "aspect_compass": "SE", "ndvi": 0.678, "canopy_closure": 0.0, "veg_class": "open meadow", "drive_minutes": 12.1, "hike_minutes": 1.1, "hike_km": 0.03, "land_status": "crown_land", "land_status_label": "Crown land", "land_flagged": false, "score_terrain": 0.998, "score_vegetation": 1.0, "score_access": 1.0, "score_observations": 0.506, "inat_nearby": 0, "inat_nearby_exact": 0, "lon": -117.859229, "lat": 49.111848 }, "geometry": { "type": "Point", "coordinates": [ -117.859228979818369, 49.111848249483963 ] } },
{ "type": "Feature", "properties": { "rank": 83, "score": 0.9006, "mean_score": 0.8993, "area_ha": 31.86, "elevation_m": 1919, "slope_deg": 5.2, "aspect_deg": 260, "aspect_compass": "W", "ndvi": 0.544, "canopy_closure": 0.0, "veg_class": "open meadow", "drive_minutes": 14.0, "hike_minutes": 0.0, "hike_km": 0.0, "land_status": "crown_land", "land_status_label": "Crown land", "land_flagged": false, "score_terrain": 1.0, "score_vegetation": 1.0, "score_access": 1.0, "score_observations": 0.503, "inat_nearby": 0, "inat_nearby_exact": 0, "lon": -117.867748, "lat": 49.105308 }, "geometry": { "type": "Point", "coordinates": [ -117.867747709948318, 49.105307702803934 ] } },
{ "type": "Feature", "properties": { "rank": 84, "score": 0.9005, "mean_score": 0.8985, "area_ha": 3.69, "elevation_m": 1570, "slope_deg": 21.8, "aspect_deg": 268, "aspect_compass": "W", "ndvi": 0.525, "canopy_closure": 0.0, "veg_class": "open meadow", "drive_minutes": 21.5, "hike_minutes": 0.0, "hike_km": 0.0, "land_status": "crown_land", "land_status_label": "Crown land", "land_flagged": false, "score_terrain": 1.0, "score_vegetation": 1.0, "score_access": 1.0, "score_observations": 0.502, "inat_nearby": 0, "inat_nearby_exact": 0, "lon": -117.909839, "lat": 49.226693 }, "geometry": { "type": "Point", "coordinates": [ -117.909839334762736, 49.226693001743861 ] } },
{ "type": "Feature", "properties": { "rank": 85, "score": 0.9004, "mean_score": 0.9001, "area_ha": 0.63, "elevation_m": 1623, "slope_deg": 15.2, "aspect_deg": 205, "aspect_compass": "SSW", "ndvi": 0.625, "canopy_closure": 0.0, "veg_class": "open meadow", "drive_minutes": 23.2, "hike_minutes": 7.3, "hike_km": 0.17, "land_status": "crown_land", "land_status_label": "Crown land", "land_flagged": false, "score_terrain": 1.0, "score_vegetation": 1.0, "score_access": 0.996, "score_observations": 0.506, "inat_nearby": 0, "inat_nearby_exact": 0, "lon": -117.862825, "lat": 49.200607 }, "geometry": { "type": "Point", "coordinates": [ -117.862824820849454, 49.200607192997069 ] } },
{ "type": "Feature", "properties": { "rank": 86, "score": 0.9004, "mean_score": 0.8968, "area_ha": 2.25, "elevation_m": 1695, "slope_deg": 24.8, "aspect_deg": 245, "aspect_compass": "WSW", "ndvi": 0.66, "canopy_closure": 0.0, "veg_class": "open meadow", "drive_minutes": 58.9, "hike_minutes": 36.4, "hike_km": 0.37, "land_status": "private", "land_status_label": "Private property", "land_flagged": true, "score_terrain": 1.0, "score_vegetation": 1.0, "score_access": 0.772, "score_observations": 0.73, "inat_nearby": 2, "inat_nearby_exact": 0, "lon": -117.507014, "lat": 49.321455 }, "geometry": { "type": "Point", "coordinates": [ -117.507014379432078, 49.32145462269321 ] } },
{ "type": "Feature", "properties": { "rank": 87, "score": 0.9002, "mean_score": 0.8981, "area_ha": 18.36, "elevation_m": 1758, "slope_deg": 15.5, "aspect_deg": 266, "aspect_compass": "W", "ndvi": 0.624, "canopy_closure": 0.0, "veg_class": "open meadow", "drive_minutes": 21.8, "hike_minutes": 2.5, "hike_km": 0.06, "land_status": "crown_land", "land_status_label": "Crown land", "land_flagged": false, "score_terrain": 1.0, "score_vegetation": 1.0, "score_access": 1.0, "score_observations": 0.501, "inat_nearby": 0, "inat_nearby_exact": 0, "lon": -117.898819, "lat": 49.232446 }, "geometry": { "type": "Point", "coordinates": [ -117.898818661601126, 49.232446397430813 ] } },
{ "type": "Feature", "properties": { "rank": 88, "score": 0.9002, "mean_score": 0.9001, "area_ha": 0.63, "elevation_m": 1826, "slope_deg": 7.3, "aspect_deg": 166, "aspect_compass": "SSE", "ndvi": 0.716, "canopy_closure": 0.0, "veg_class": "open meadow", "drive_minutes": 14.9, "hike_minutes": 0.4, "hike_km": 0.03, "land_status": "crown_land", "land_status_label": "Crown land", "land_flagged": false, "score_terrain": 1.0, "score_vegetation": 1.0, "score_access": 1.0, "score_observations": 0.501, "inat_nearby": 0, "inat_nearby_exact": 0, "lon": -117.867668, "lat": 49.100721 }, "geometry": { "type": "Point", "coordinates": [ -117.867667728511606, 49.100720547413516 ] } },
{ "type": "Feature", "properties": { "rank": 89, "score": 0.9002, "mean_score": 0.8989, "area_ha": 0.72, "elevation_m": 1596, "slope_deg": 24.8, "aspect_deg": 162, "aspect_compass": "SSE", "ndvi": 0.615, "canopy_closure": 0.0, "veg_class": "open meadow", "drive_minutes": 16.3, "hike_minutes": 7.3, "hike_km": 0.13, "land_status": "crown_land", "land_status_label": "Crown land", "land_flagged": false, "score_terrain": 1.0, "score_vegetation": 1.0, "score_access": 1.0, "score_observations": 0.501, "inat_nearby": 0, "inat_nearby_exact": 0, "lon": -117.881005, "lat": 49.203978 }, "geometry": { "type": "Point", "coordinates": [ -117.881004849738076, 49.203978170106438 ] } },
{ "type": "Feature", "properties": { "rank": 90, "score": 0.9001, "mean_score": 0.8991, "area_ha": 2.43, "elevation_m": 1675, "slope_deg": 6.4, "aspect_deg": 198, "aspect_compass": "SSW", "ndvi": 0.475, "canopy_closure": 0.0, "veg_class": "open meadow", "drive_minutes": 16.8, "hike_minutes": 1.1, "hike_km": 0.06, "land_status": "crown_land", "land_status_label": "Crown land", "land_flagged": false, "score_terrain": 1.0, "score_vegetation": 1.0, "score_access": 1.0, "score_observations": 0.5, "inat_nearby": 0, "inat_nearby_exact": 0, "lon": -117.914574, "lat": 49.215321 }, "geometry": { "type": "Point", "coordinates": [ -117.914573916588765, 49.215321360184554 ] } },
{ "type": "Feature", "properties": { "rank": 91, "score": 0.9001, "mean_score": 0.8991, "area_ha": 8.46, "elevation_m": 1654, "slope_deg": 21.6, "aspect_deg": 269, "aspect_compass": "W", "ndvi": 0.673, "canopy_closure": 0.0, "veg_class": "open meadow", "drive_minutes": 16.8, "hike_minutes": 3.9, "hike_km": 0.11, "land_status": "crown_land", "land_status_label": "Crown land", "land_flagged": false, "score_terrain": 1.0, "score_vegetation": 1.0, "score_access": 1.0, "score_observations": 0.5, "inat_nearby": 0, "inat_nearby_exact": 0, "lon": -117.91703, "lat": 49.214492 }, "geometry": { "type": "Point", "coordinates": [ -117.917030244947696, 49.214492293844401 ] } },
{ "type": "Feature", "properties": { "rank": 92, "score": 0.9001, "mean_score": 0.8993, "area_ha": 1.08, "elevation_m": 1660, "slope_deg": 19.8, "aspect_deg": 175, "aspect_compass": "S", "ndvi": 0.465, "canopy_closure": 0.0, "veg_class": "open meadow", "drive_minutes": 18.2, "hike_minutes": 7.9, "hike_km": 0.18, "land_status": "crown_land", "land_status_label": "Crown land", "land_flagged": false, "score_terrain": 1.0, "score_vegetation": 1.0, "score_access": 1.0, "score_observations": 0.501, "inat_nearby": 0, "inat_nearby_exact": 0, "lon": -117.882264, "lat": 49.205318 }, "geometry": { "type": "Point", "coordinates": [ -117.882264234764236, 49.205317874170554 ] } },
{ "type": "Feature", "properties": { "rank": 93, "score": 0.9001, "mean_score": 0.8979, "area_ha": 0.9, "elevation_m": 1807, "slope_deg": 14.3, "aspect_deg": 210, "aspect_compass": "SSW", "ndvi": 0.764, "canopy_closure": 0.0, "veg_class": "open meadow", "drive_minutes": 12.5, "hike_minutes": 1.0, "hike_km": 0.04, "land_status": "crown_land", "land_status_label": "Crown land", "land_flagged": false, "score_terrain": 1.0, "score_vegetation": 1.0, "score_access": 1.0, "score_observations": 0.5, "inat_nearby": 0, "inat_nearby_exact": 0, "lon": -117.864749, "lat": 49.098314 }, "geometry": { "type": "Point", "coordinates": [ -117.86474895022981, 49.09831363635584 ] } },
{ "type": "Feature", "properties": { "rank": 94, "score": 0.9001, "mean_score": 0.8983, "area_ha": 9.0, "elevation_m": 1977, "slope_deg": 12.2, "aspect_deg": 140, "aspect_compass": "SE", "ndvi": 0.525, "canopy_closure": 0.0, "veg_class": "open meadow", "drive_minutes": 16.5, "hike_minutes": 0.0, "hike_km": 0.0, "land_status": "crown_land", "land_status_label": "Crown land", "land_flagged": false, "score_terrain": 1.0, "score_vegetation": 1.0, "score_access": 1.0, "score_observations": 0.5, "inat_nearby": 0, "inat_nearby_exact": 0, "lon": -117.852892, "lat": 49.10191 }, "geometry": { "type": "Point", "coordinates": [ -117.852892329723858, 49.101910134494616 ] } },
{ "type": "Feature", "properties": { "rank": 95, "score": 0.9001, "mean_score": 0.8993, "area_ha": 2.25, "elevation_m": 1815, "slope_deg": 5.6, "aspect_deg": 166, "aspect_compass": "SSE", "ndvi": 0.55, "canopy_closure": 0.0, "veg_class": "open meadow", "drive_minutes": 15.1, "hike_minutes": 0.0, "hike_km": 0.0, "land_status": "crown_land", "land_status_label": "Crown land", "land_flagged": false, "score_terrain": 1.0, "score_vegetation": 1.0, "score_access": 1.0, "score_observations": 0.501, "inat_nearby": 0, "inat_nearby_exact": 0, "lon": -117.868065, "lat": 49.099908 }, "geometry": { "type": "Point", "coordinates": [ -117.868064549811649, 49.099907959488249 ] } },
{ "type": "Feature", "properties": { "rank": 96, "score": 0.9001, "mean_score": 0.8978, "area_ha": 1.8, "elevation_m": 1876, "slope_deg": 20.2, "aspect_deg": 244, "aspect_compass": "WSW", "ndvi": 0.589, "canopy_closure": 0.0, "veg_class": "open meadow", "drive_minutes": 21.8, "hike_minutes": 13.1, "hike_km": 0.25, "land_status": "crown_land", "land_status_label": "Crown land", "land_flagged": false, "score_terrain": 1.0, "score_vegetation": 1.0, "score_access": 1.0, "score_observations": 0.5, "inat_nearby": 0, "inat_nearby_exact": 0, "lon": -117.892619, "lat": 49.231415 }, "geometry": { "type": "Point", "coordinates": [ -117.892618780081634, 49.231415023772044 ] } },
{ "type": "Feature", "properties": { "rank": 97, "score": 0.9001, "mean_score": 0.8982, "area_ha": 1.98, "elevation_m": 1682, "slope_deg": 7.6, "aspect_deg": 268, "aspect_compass": "W", "ndvi": 0.583, "canopy_closure": 0.0, "veg_class": "open meadow", "drive_minutes": 23.6, "hike_minutes": 0.5, "hike_km": 0.03, "land_status": "crown_land", "land_status_label": "Crown land", "land_flagged": false, "score_terrain": 1.0, "score_vegetation": 1.0, "score_access": 0.993, "score_observations": 0.507, "inat_nearby": 0, "inat_nearby_exact": 0, "lon": -117.907148, "lat": 49.237239 }, "geometry": { "type": "Point", "coordinates": [ -117.907148157133335, 49.237238807214311 ] } },
{ "type": "Feature", "properties": { "rank": 98, "score": 0.9001, "mean_score": 0.8987, "area_ha": 1.89, "elevation_m": 1906, "slope_deg": 7.5, "aspect_deg": 256, "aspect_compass": "WSW", "ndvi": 0.675, "canopy_closure": 0.0, "veg_class": "open meadow", "drive_minutes": 16.5, "hike_minutes": 3.7, "hike_km": 0.16, "land_status": "crown_land", "land_status_label": "Crown land", "land_flagged": false, "score_terrain": 1.0, "score_vegetation": 1.0, "score_access": 1.0, "score_observations": 0.5, "inat_nearby": 0, "inat_nearby_exact": 0, "lon": -117.848847, "lat": 49.105718 }, "geometry": { "type": "Point", "coordinates": [ -117.848847244197586, 49.10571810027222 ] } },
{ "type": "Feature", "properties": { "rank": 99, "score": 0.9001, "mean_score": 0.8982, "area_ha": 2.43, "elevation_m": 1620, "slope_deg": 23.0, "aspect_deg": 192, "aspect_compass": "SSW", "ndvi": 0.583, "canopy_closure": 0.0, "veg_class": "open meadow", "drive_minutes": 11.4, "hike_minutes": 6.2, "hike_km": 0.15, "land_status": "crown_land", "land_status_label": "Crown land", "land_flagged": false, "score_terrain": 1.0, "score_vegetation": 1.0, "score_access": 1.0, "score_observations": 0.5, "inat_nearby": 0, "inat_nearby_exact": 0, "lon": -117.887191, "lat": 49.204471 }, "geometry": { "type": "Point", "coordinates": [ -117.887191403583444, 49.204470540104417 ] } },
{ "type": "Feature", "properties": { "rank": 100, "score": 0.9, "mean_score": 0.8996, "area_ha": 1.71, "elevation_m": 1558, "slope_deg": 6.1, "aspect_deg": 198, "aspect_compass": "SSW", "ndvi": 0.636, "canopy_closure": 0.0, "veg_class": "open meadow", "drive_minutes": 14.3, "hike_minutes": 0.4, "hike_km": 0.03, "land_status": "crown_land", "land_status_label": "Crown land", "land_flagged": false, "score_terrain": 1.0, "score_vegetation": 1.0, "score_access": 1.0, "score_observations": 0.5, "inat_nearby": 0, "inat_nearby_exact": 0, "lon": -117.897452, "lat": 49.202502 }, "geometry": { "type": "Point", "coordinates": [ -117.897452126896312, 49.202502219044305 ] } },
{ "type": "Feature", "properties": { "rank": 101, "score": 0.9, "mean_score": 0.8994, "area_ha": 4.5, "elevation_m": 1574, "slope_deg": 6.5, "aspect_deg": 217, "aspect_compass": "SW", "ndvi": 0.466, "canopy_closure": 0.0, "veg_class": "open meadow", "drive_minutes": 14.0, "hike_minutes": 0.0, "hike_km": 0.0, "land_status": "crown_land", "land_status_label": "Crown land", "land_flagged": false, "score_terrain": 1.0, "score_vegetation": 1.0, "score_access": 1.0, "score_observations": 0.5, "inat_nearby": 0, "inat_nearby_exact": 0, "lon": -117.897486, "lat": 49.204391 }, "geometry": { "type": "Point", "coordinates": [ -117.897486310622995, 49.20439099957995 ] } },
{ "type": "Feature", "properties": { "rank": 102, "score": 0.9, "mean_score": 0.8985, "area_ha": 0.99, "elevation_m": 2022, "slope_deg": 16.5, "aspect_deg": 255, "aspect_compass": "WSW", "ndvi": 0.738, "canopy_closure": 0.0, "veg_class": "open meadow", "drive_minutes": 21.8, "hike_minutes": 14.4, "hike_km": 0.21, "land_status": "crown_land", "land_status_label": "Crown land", "land_flagged": false, "score_terrain": 1.0, "score_vegetation": 1.0, "score_access": 1.0, "score_observations": 0.5, "inat_nearby": 0, "inat_nearby_exact": 0, "lon": -117.883856, "lat": 49.225276 }, "geometry": { "type": "Point", "coordinates": [ -117.883855615281121, 49.225275572494354 ] } },
{ "type": "Feature", "properties": { "rank": 103, "score": 0.9, "mean_score": 0.8987, "area_ha": 9.9, "elevation_m": 1862, "slope_deg": 24.4, "aspect_deg": 243, "aspect_compass": "WSW", "ndvi": 0.678, "canopy_closure": 0.0, "veg_class": "open meadow", "drive_minutes": 21.8, "hike_minutes": 4.2, "hike_km": 0.07, "land_status": "crown_land", "land_status_label": "Crown land", "land_flagged": false, "score_terrain": 1.0, "score_vegetation": 1.0, "score_access": 1.0, "score_observations": 0.5, "inat_nearby": 0, "inat_nearby_exact": 0, "lon": -117.89132, "lat": 49.227917 }, "geometry": { "type": "Point", "coordinates": [ -117.891319608672873, 49.22791684372406 ] } },
{ "type": "Feature", "properties": { "rank": 104, "score": 0.9, "mean_score": 0.8968, "area_ha": 1.08, "elevation_m": 1569, "slope_deg": 18.8, "aspect_deg": 188, "aspect_compass": "S", "ndvi": 0.62, "canopy_closure": 0.0, "veg_class": "open meadow", "drive_minutes": 13.9, "hike_minutes": 0.9, "hike_km": 0.03, "land_status": "crown_land", "land_status_label": "Crown land", "land_flagged": false, "score_terrain": 1.0, "score_vegetation": 1.0, "score_access": 1.0, "score_observations": 0.5, "inat_nearby": 0, "inat_nearby_exact": 0, "lon": -117.908223, "lat": 49.205926 }, "geometry": { "type": "Point", "coordinates": [ -117.908222618185135, 49.205926253652869 ] } },
{ "type": "Feature", "properties": { "rank": 105, "score": 0.9, "mean_score": 0.8982, "area_ha": 0.81, "elevation_m": 1553, "slope_deg": 17.4, "aspect_deg": 257, "aspect_compass": "WSW", "ndvi": 0.655, "canopy_closure": 0.0, "veg_class": "open meadow", "drive_minutes": 15.6, "hike_minutes": 2.7, "hike_km": 0.09, "land_status": "crown_land", "land_status_label": "Crown land", "land_flagged": false, "score_terrain": 1.0, "score_vegetation": 1.0, "score_access": 1.0, "score_observations": 0.5, "inat_nearby": 0, "inat_nearby_exact": 0, "lon": -117.904844, "lat": 49.201365 }, "geometry": { "type": "Point", "coordinates": [ -117.904844456305497, 49.20136508432644 ] } },
{ "type": "Feature", "properties": { "rank": 106, "score": 0.9, "mean_score": 0.8972, "area_ha": 11.79, "elevation_m": 1680, "slope_deg": 14.1, "aspect_deg": 253, "aspect_compass": "WSW", "ndvi": 0.637, "canopy_closure": 0.0, "veg_class": "open meadow", "drive_minutes": 14.7, "hike_minutes": 7.7, "hike_km": 0.18, "land_status": "crown_land", "land_status_label": "Crown land", "land_flagged": false, "score_terrain": 1.0, "score_vegetation": 1.0, "score_access": 1.0, "score_observations": 0.5, "inat_nearby": 0, "inat_nearby_exact": 0, "lon": -117.903806, "lat": 49.212168 }, "geometry": { "type": "Point", "coordinates": [ -117.903805864009797, 49.212167762789456 ] } },
{ "type": "Feature", "properties": { "rank": 107, "score": 0.9, "mean_score": 0.8985, "area_ha": 2.43, "elevation_m": 1509, "slope_deg": 11.6, "aspect_deg": 265, "aspect_compass": "W", "ndvi": 0.708, "canopy_closure": 0.0, "veg_class": "open meadow", "drive_minutes": 14.9, "hike_minutes": 1.7, "hike_km": 0.07, "land_status": "crown_land", "land_status_label": "Crown land", "land_flagged": false, "score_terrain": 1.0, "score_vegetation": 1.0, "score_access": 1.0, "score_observations": 0.5, "inat_nearby": 0, "inat_nearby_exact": 0, "lon": -117.921897, "lat": 49.210406 }, "geometry": { "type": "Point", "coordinates": [ -117.921897492762668, 49.210405593374162 ] } },
{ "type": "Feature", "properties": { "rank": 108, "score": 0.9, "mean_score": 0.898, "area_ha": 1.08, "elevation_m": 1768, "slope_deg": 17.5, "aspect_deg": 258, "aspect_compass": "WSW", "ndvi": 0.695, "canopy_closure": 0.0, "veg_class": "open meadow", "drive_minutes": 20.6, "hike_minutes": 5.6, "hike_km": 0.25, "land_status": "crown_land", "land_status_label": "Crown land", "land_flagged": false, "score_terrain": 1.0, "score_vegetation": 1.0, "score_access": 1.0, "score_observations": 0.5, "inat_nearby": 0, "inat_nearby_exact": 0, "lon": -117.892734, "lat": 49.214953 }, "geometry": { "type": "Point", "coordinates": [ -117.892734229937147, 49.21495250181593 ] } },
{ "type": "Feature", "properties": { "rank": 109, "score": 0.9, "mean_score": 0.8988, "area_ha": 0.99, "elevation_m": 1613, "slope_deg": 22.0, "aspect_deg": 154, "aspect_compass": "SSE", "ndvi": 0.555, "canopy_closure": 0.0, "veg_class": "open meadow", "drive_minutes": 17.8, "hike_minutes": 16.9, "hike_km": 0.23, "land_status": "crown_land", "land_status_label": "Crown land", "land_flagged": false, "score_terrain": 1.0, "score_vegetation": 1.0, "score_access": 1.0, "score_observations": 0.5, "inat_nearby": 0, "inat_nearby_exact": 0, "lon": -117.891937, "lat": 49.056007 }, "geometry": { "type": "Point", "coordinates": [ -117.891937326685223, 49.056007116290779 ] } },
{ "type": "Feature", "properties": { "rank": 110, "score": 0.9, "mean_score": 0.8966, "area_ha": 0.63, "elevation_m": 1503, "slope_deg": 14.4, "aspect_deg": 148, "aspect_compass": "SSE", "ndvi": 0.691, "canopy_closure": 0.0, "veg_class": "open meadow", "drive_minutes": 17.8, "hike_minutes": 7.6, "hike_km": 0.19, "land_status": "crown_land", "land_status_label": "Crown land", "land_flagged": false, "score_terrain": 1.0, "score_vegetation": 1.0, "score_access": 1.0, "score_observations": 0.5, "inat_nearby": 0, "inat_nearby_exact": 0, "lon": -117.88291, "lat": 49.056346 }, "geometry": { "type": "Point", "coordinates": [ -117.882909572831991, 49.056346405973109 ] } },
{ "type": "Feature", "properties": { "rank": 111, "score": 0.9, "mean_score": 0.8995, "area_ha": 0.99, "elevation_m": 1588, "slope_deg": 20.3, "aspect_deg": 147, "aspect_compass": "SSE", "ndvi": 0.557, "canopy_closure": 0.0, "veg_class": "open meadow", "drive_minutes": 17.8, "hike_minutes": 5.8, "hike_km": 0.11, "land_status": "crown_land", "land_status_label": "Crown land", "land_flagged": false, "score_terrain": 1.0, "score_vegetation": 1.0, "score_access": 1.0, "score_observations": 0.5, "inat_nearby": 0, "inat_nearby_exact": 0, "lon": -117.887039, "lat": 49.057664 }, "geometry": { "type": "Point", "coordinates": [ -117.887039304981656, 49.057664089618541 ] } },
{ "type": "Feature", "properties": { "rank": 112, "score": 0.9, "mean_score": 0.8984, "area_ha": 0.99, "elevation_m": 1800, "slope_deg": 21.8, "aspect_deg": 164, "aspect_compass": "SSE", "ndvi": 0.685, "canopy_closure": 0.0, "veg_class": "open meadow", "drive_minutes": 15.5, "hike_minutes": 15.1, "hike_km": 0.21, "land_status": "crown_land", "land_status_label": "Crown land", "land_flagged": false, "score_terrain": 1.0, "score_vegetation": 1.0, "score_access": 1.0, "score_observations": 0.5, "inat_nearby": 0, "inat_nearby_exact": 0, "lon": -117.857343, "lat": 49.097829 }, "geometry": { "type": "Point", "coordinates": [ -117.85734307018835, 49.09782914299273 ] } },
{ "type": "Feature", "properties": { "rank": 113, "score": 0.9, "mean_score": 0.8979, "area_ha": 3.96, "elevation_m": 1725, "slope_deg": 23.6, "aspect_deg": 163, "aspect_compass": "SSE", "ndvi": 0.545, "canopy_closure": 0.0, "veg_class": "open meadow", "drive_minutes": 10.2, "hike_minutes": 23.3, "hike_km": 0.24, "land_status": "crown_land", "land_status_label": "Crown land", "land_flagged": false, "score_terrain": 1.0, "score_vegetation": 1.0, "score_access": 1.0, "score_observations": 0.5, "inat_nearby": 0, "inat_nearby_exact": 0, "lon": -117.845796, "lat": 49.095486 }, "geometry": { "type": "Point", "coordinates": [ -117.845796086581629, 49.095485514975941 ] } },
{ "type": "Feature", "properties": { "rank": 114, "score": 0.9, "mean_score": 0.8986, "area_ha": 0.54, "elevation_m": 1515, "slope_deg": 17.0, "aspect_deg": 204, "aspect_compass": "SSW", "ndvi": 0.582, "canopy_closure": 0.0, "veg_class": "open meadow", "drive_minutes": 6.0, "hike_minutes": 1.2, "hike_km": 0.04, "land_status": "private", "land_status_label": "Private property", "land_flagged": true, "score_terrain": 1.0, "score_vegetation": 1.0, "score_access": 1.0, "score_observations": 0.5, "inat_nearby": 0, "inat_nearby_exact": 0, "lon": -117.822679, "lat": 49.089176 }, "geometry": { "type": "Point", "coordinates": [ -117.822678590303141, 49.089175754886973 ] } },
{ "type": "Feature", "properties": { "rank": 115, "score": 0.9, "mean_score": 0.8977, "area_ha": 1.53, "elevation_m": 1667, "slope_deg": 19.2, "aspect_deg": 135, "aspect_compass": "SE", "ndvi": 0.61, "canopy_closure": 0.0, "veg_class": "open meadow", "drive_minutes": 17.8, "hike_minutes": 16.9, "hike_km": 0.25, "land_status": "private", "land_status_label": "Private property", "land_flagged": true, "score_terrain": 1.0, "score_vegetation": 1.0, "score_access": 1.0, "score_observations": 0.5, "inat_nearby": 0, "inat_nearby_exact": 0, "lon": -117.887904, "lat": 49.060086 }, "geometry": { "type": "Point", "coordinates": [ -117.887903731265112, 49.060086274666794 ] } },
{ "type": "Feature", "properties": { "rank": 116, "score": 0.9, "mean_score": 0.8995, "area_ha": 0.72, "elevation_m": 1782, "slope_deg": 24.2, "aspect_deg": 148, "aspect_compass": "SSE", "ndvi": 0.557, "canopy_closure": 0.0, "veg_class": "open meadow", "drive_minutes": 9.9, "hike_minutes": 0.0, "hike_km": 0.0, "land_status": "crown_land", "land_status_label": "Crown land", "land_flagged": false, "score_terrain": 1.0, "score_vegetation": 1.0, "score_access": 1.0, "score_observations": 0.5, "inat_nearby": 0, "inat_nearby_exact": 0, "lon": -117.847988, "lat": 49.103565 }, "geometry": { "type": "Point", "coordinates": [ -117.84798849097271, 49.103565469693436 ] } },
{ "type": "Feature", "properties": { "rank": 117, "score": 0.9, "mean_score": 0.8975, "area_ha": 1.89, "elevation_m": 1747, "slope_deg": 6.0, "aspect_deg": 130, "aspect_compass": "SE", "ndvi": 0.706, "canopy_closure": 0.003, "veg_class": "open meadow", "drive_minutes": 17.0, "hike_minutes": 3.5, "hike_km": 0.2, "land_status": "crown_land", "land_status_label": "Crown land", "land_flagged": false, "score_terrain": 0.998, "score_vegetation": 0.999, "score_access": 1.0, "score_observations": 0.504, "inat_nearby": 0, "inat_nearby_exact": 0, "lon": -117.893193, "lat": 49.194709 }, "geometry": { "type": "Point", "coordinates": [ -117.893193395521052, 49.194709179748259 ] } },
{ "type": "Feature", "properties": { "rank": 118, "score": 0.9, "mean_score": 0.8991, "area_ha": 1.71, "elevation_m": 1559, "slope_deg": 11.0, "aspect_deg": 208, "aspect_compass": "SSW", "ndvi": 0.488, "canopy_closure": 0.0, "veg_class": "open meadow", "drive_minutes": 6.0, "hike_minutes": 2.8, "hike_km": 0.1, "land_status": "crown_land", "land_status_label": "Crown land", "land_flagged": false, "score_terrain": 1.0, "score_vegetation": 1.0, "score_access": 1.0, "score_observations": 0.5, "inat_nearby": 0, "inat_nearby_exact": 0, "lon": -117.822294, "lat": 49.090798 }, "geometry": { "type": "Point", "coordinates": [ -117.822294479246167, 49.090797701030247 ] } },
{ "type": "Feature", "properties": { "rank": 119, "score": 0.9, "mean_score": 0.8964, "area_ha": 0.54, "elevation_m": 1752, "slope_deg": 24.7, "aspect_deg": 191, "aspect_compass": "S", "ndvi": 0.705, "canopy_closure": 0.0, "veg_class": "open meadow", "drive_minutes": 12.5, "hike_minutes": 1.4, "hike_km": 0.03, "land_status": "crown_land", "land_status_label": "Crown land", "land_flagged": false, "score_terrain": 1.0, "score_vegetation": 1.0, "score_access": 1.0, "score_observations": 0.5, "inat_nearby": 0, "inat_nearby_exact": 0, "lon": -117.860607, "lat": 49.096456 }, "geometry": { "type": "Point", "coordinates": [ -117.860607081241696, 49.09645551296709 ] } },
{ "type": "Feature", "properties": { "rank": 120, "score": 0.9, "mean_score": 0.8983, "area_ha": 3.51, "elevation_m": 1593, "slope_deg": 23.0, "aspect_deg": 167, "aspect_compass": "SSE", "ndvi": 0.592, "canopy_closure": 0.0, "veg_class": "open meadow", "drive_minutes": 10.2, "hike_minutes": 0.0, "hike_km": 0.0, "land_status": "crown_land", "land_status_label": "Crown land", "land_flagged": false, "score_terrain": 1.0, "score_vegetation": 1.0, "score_access": 1.0, "score_observations": 0.5, "inat_nearby": 0, "inat_nearby_exact": 0, "lon": -117.843294, "lat": 49.093345 }, "geometry": { "type": "Point", "coordinates": [ -117.843294119711544, 49.093344875052694 ] } },
{ "type": "Feature", "properties": { "rank": 121, "score": 0.8999, "mean_score": 0.8995, "area_ha": 1.53, "elevation_m": 1684, "slope_deg": 15.5, "aspect_deg": 180, "aspect_compass": "S", "ndvi": 0.562, "canopy_closure": 0.0, "veg_class": "open meadow", "drive_minutes": 23.2, "hike_minutes": 0.0, "hike_km": 0.0, "land_status": "crown_land", "land_status_label": "Crown land", "land_flagged": false, "score_terrain": 1.0, "score_vegetation": 1.0, "score_access": 0.996, "score_observations": 0.504, "inat_nearby": 0, "inat_nearby_exact": 0, "lon": -117.862034, "lat": 49.202502 }, "geometry": { "type": "Point", "coordinates": [ -117.862034116466191, 49.202502141629886 ] } },
{ "type": "Feature", "properties": { "rank": 122, "score": 0.8999, "mean_score": 0.8974, "area_ha": 0.81, "elevation_m": 1676, "slope_deg": 13.6, "aspect_deg": 272, "aspect_compass": "W", "ndvi": 0.63, "canopy_closure": 0.0, "veg_class": "open meadow", "drive_minutes": 18.2, "hike_minutes": 2.1, "hike_km": 0.07, "land_status": "crown_land", "land_status_label": "Crown land", "land_flagged": false, "score_terrain": 1.0, "score_vegetation": 1.0, "score_access": 1.0, "score_observations": 0.5, "inat_nearby": 0, "inat_nearby_exact": 0, "lon": -117.900648, "lat": 49.219749 }, "geometry": { "type": "Point", "coordinates": [ -117.900648256980617, 49.219748598027273 ] } },
{ "type": "Feature", "properties": { "rank": 123, "score": 0.8997, "mean_score": 0.8959, "area_ha": 0.72, "elevation_m": 1683, "slope_deg": 12.1, "aspect_deg": 248, "aspect_compass": "WSW", "ndvi": 0.537, "canopy_closure": 0.0, "veg_class": "open meadow", "drive_minutes": 24.3, "hike_minutes": 2.8, "hike_km": 0.08, "land_status": "crown_land", "land_status_label": "Crown land", "land_flagged": false, "score_terrain": 1.0, "score_vegetation": 1.0, "score_access": 0.989, "score_observations": 0.509, "inat_nearby": 0, "inat_nearby_exact": 0, "lon": -117.913657, "lat": 49.2326 }, "geometry": { "type": "Point", "coordinates": [ -117.913656611810396, 49.23259985034607 ] } },
{ "type": "Feature", "properties": { "rank": 124, "score": 0.8996, "mean_score": 0.8972, "area_ha": 0.54, "elevation_m": 1721, "slope_deg": 15.9, "aspect_deg": 264, "aspect_compass": "W", "ndvi": 0.602, "canopy_closure": 0.0, "veg_class": "open meadow", "drive_minutes": 23.6, "hike_minutes": 4.0, "hike_km": 0.11, "land_status": "crown_land", "land_status_label": "Crown land", "land_flagged": false, "score_terrain": 1.0, "score_vegetation": 1.0, "score_access": 0.994, "score_observations": 0.505, "inat_nearby": 0, "inat_nearby_exact": 0, "lon": -117.903454, "lat": 49.238077 }, "geometry": { "type": "Point", "coordinates": [ -117.903454314077422, 49.238077342900503 ] } },
{ "type": "Feature", "properties": { "rank": 125, "score": 0.8993, "mean_score": 0.8983, "area_ha": 3.24, "elevation_m": 1657, "slope_deg": 20.1, "aspect_deg": 158, "aspect_compass": "SSE", "ndvi": 0.686, "canopy_closure": 0.0, "veg_class": "open meadow", "drive_minutes": 23.6, "hike_minutes": 7.2, "hike_km": 0.16, "land_status": "crown_land", "land_status_label": "Crown land", "land_flagged": false, "score_terrain": 1.0, "score_vegetation": 1.0, "score_access": 0.993, "score_observations": 0.503, "inat_nearby": 0, "inat_nearby_exact": 0, "lon": -117.908663, "lat": 49.229941 }, "geometry": { "type": "Point", "coordinates": [ -117.908662778178595, 49.229940615915325 ] } },
{ "type": "Feature", "properties": { "rank": 126, "score": 0.8987, "mean_score": 0.8957, "area_ha": 3.6, "elevation_m": 1531, "slope_deg": 23.9, "aspect_deg": 235, "aspect_compass": "SW", "ndvi": 0.585, "canopy_closure": 0.0, "veg_class": "open meadow", "drive_minutes": 10.2, "hike_minutes": 46.6, "hike_km": 0.31, "land_status": "private", "land_status_label": "Private property", "land_flagged": true, "score_terrain": 1.0, "score_vegetation": 1.0, "score_access": 0.993, "score_observations": 0.5, "inat_nearby": 0, "inat_nearby_exact": 0, "lon": -117.862129, "lat": 49.065679 }, "geometry": { "type": "Point", "coordinates": [ -117.862128958788219, 49.065679091828088 ] } },
{ "type": "Feature", "properties": { "rank": 127, "score": 0.8984, "mean_score": 0.8956, "area_ha": 4.23, "elevation_m": 1666, "slope_deg": 19.3, "aspect_deg": 139, "aspect_compass": "SE", "ndvi": 0.539, "canopy_closure": 0.0, "veg_class": "open meadow", "drive_minutes": 17.8, "hike_minutes": 24.0, "hike_km": 0.33, "land_status": "crown_land", "land_status_label": "Crown land", "land_flagged": false, "score_terrain": 1.0, "score_vegetation": 1.0, "score_access": 0.992, "score_observations": 0.5, "inat_nearby": 0, "inat_nearby_exact": 0, "lon": -117.891561, "lat": 49.057899 }, "geometry": { "type": "Point", "coordinates": [ -117.891560541068415, 49.057899120471802 ] } },
{ "type": "Feature", "properties": { "rank": 128, "score": 0.8981, "mean_score": 0.8958, "area_ha": 5.49, "elevation_m": 1891, "slope_deg": 10.8, "aspect_deg": 133, "aspect_compass": "SE", "ndvi": 0.695, "canopy_closure": 0.0, "veg_class": "open meadow", "drive_minutes": 15.5, "hike_minutes": 14.4, "hike_km": 0.34, "land_status": "crown_land", "land_status_label": "Crown land", "land_flagged": false, "score_terrain": 1.0, "score_vegetation": 1.0, "score_access": 0.991, "score_observations": 0.5, "inat_nearby": 0, "inat_nearby_exact": 0, "lon": -117.87369, "lat": 49.092579 }, "geometry": { "type": "Point", "coordinates": [ -117.873689728544122, 49.092579073555306 ] } },
{ "type": "Feature", "properties": { "rank": 129, "score": 0.898, "mean_score": 0.8953, "area_ha": 0.63, "elevation_m": 1750, "slope_deg": 25.3, "aspect_deg": 232, "aspect_compass": "SW", "ndvi": 0.622, "canopy_closure": 0.0, "veg_class": "open meadow", "drive_minutes": 15.3, "hike_minutes": 8.3, "hike_km": 0.11, "land_status": "crown_land", "land_status_label": "Crown land", "land_flagged": false, "score_terrain": 0.993, "score_vegetation": 1.0, "score_access": 1.0, "score_observations": 0.5, "inat_nearby": 0, "inat_nearby_exact": 0, "lon": -117.891431, "lat": 49.211184 }, "geometry": { "type": "Point", "coordinates": [ -117.891430645603435, 49.211184484863757 ] } },
{ "type": "Feature", "properties": { "rank": 130, "score": 0.8979, "mean_score": 0.8943, "area_ha": 0.54, "elevation_m": 1832, "slope_deg": 12.3, "aspect_deg": 179, "aspect_compass": "S", "ndvi": 0.681, "canopy_closure": 0.0, "veg_class": "open meadow", "drive_minutes": 24.3, "hike_minutes": 7.2, "hike_km": 0.18, "land_status": "crown_land", "land_status_label": "Crown land", "land_flagged": false, "score_terrain": 1.0, "score_vegetation": 1.0, "score_access": 0.989, "score_observations": 0.5, "inat_nearby": 0, "inat_nearby_exact": 0, "lon": -117.866818, "lat": 49.217039 }, "geometry": { "type": "Point", "coordinates": [ -117.866818448681798, 49.21703894179997 ] } },
{ "type": "Feature", "properties": { "rank": 131, "score": 0.8978, "mean_score": 0.896, "area_ha": 1.26, "elevation_m": 1589, "slope_deg": 20.5, "aspect_deg": 131, "aspect_compass": "SE", "ndvi": 0.675, "canopy_closure": 0.0, "veg_class": "open meadow", "drive_minutes": 17.8, "hike_minutes": 21.2, "hike_km": 0.34, "land_status": "crown_land", "land_status_label": "Crown land", "land_flagged": false, "score_terrain": 0.999, "score_vegetation": 1.0, "score_access": 0.99, "score_observations": 0.5, "inat_nearby": 0, "inat_nearby_exact": 0, "lon": -117.894763, "lat": 49.053287 }, "geometry": { "type": "Point", "coordinates": [ -117.894762873727274, 49.053286538664153 ] } },
{ "type": "Feature", "properties": { "rank": 132, "score": 0.8974, "mean_score": 0.8947, "area_ha": 0.63, "elevation_m": 1458, "slope_deg": 6.8, "aspect_deg": 128, "aspect_compass": "SE", "ndvi": 0.57, "canopy_closure": 0.0, "veg_class": "open meadow", "drive_minutes": 25.3, "hike_minutes": 0.0, "hike_km": 0.0, "land_status": "crown_land", "land_status_label": "Crown land", "land_flagged": false, "score_terrain": 0.902, "score_vegetation": 1.0, "score_access": 0.983, "score_observations": 0.651, "inat_nearby": 0, "inat_nearby_exact": 0, "lon": -117.759222, "lat": 49.212129 }, "geometry": { "type": "Point", "coordinates": [ -117.759222448928, 49.212129195788165 ] } },
{ "type": "Feature", "properties": { "rank": 133, "score": 0.8973, "mean_score": 0.8973, "area_ha": 0.72, "elevation_m": 1550, "slope_deg": 23.4, "aspect_deg": 178, "aspect_compass": "S", "ndvi": 0.646, "canopy_closure": 0.0, "veg_class": "open meadow", "drive_minutes": 24.9, "hike_minutes": 8.8, "hike_km": 0.16, "land_status": "crown_land", "land_status_label": "Crown land", "land_flagged": false, "score_terrain": 1.0, "score_vegetation": 1.0, "score_access": 0.986, "score_observations": 0.501, "inat_nearby": 0, "inat_nearby_exact": 0, "lon": -117.948147, "lat": 49.290612 }, "geometry": { "type": "Point", "coordinates": [ -117.948146621791579, 49.290612012358736 ] } },
{ "type": "Feature", "properties": { "rank": 134, "score": 0.8973, "mean_score": 0.8948, "area_ha": 1.71, "elevation_m": 1899, "slope_deg": 22.1, "aspect_deg": 122, "aspect_compass": "ESE", "ndvi": 0.539, "canopy_closure": 0.0, "veg_class": "open meadow", "drive_minutes": 15.5, "hike_minutes": 14.6, "hike_km": 0.22, "land_status": "crown_land", "land_status_label": "Crown land", "land_flagged": false, "score_terrain": 0.991, "score_vegetation": 1.0, "score_access": 1.0, "score_observations": 0.501, "inat_nearby": 0, "inat_nearby_exact": 0, "lon": -117.873388, "lat": 49.098788 }, "geometry": { "type": "Point", "coordinates": [ -117.873387739666924, 49.098788332823368 ] } },
{ "type": "Feature", "properties": { "rank": 135, "score": 0.8972, "mean_score": 0.8964, "area_ha": 2.43, "elevation_m": 1503, "slope_deg": 11.5, "aspect_deg": 232, "aspect_compass": "SW", "ndvi": 0.649, "canopy_closure": 0.0, "veg_class": "open meadow", "drive_minutes": 25.0, "hike_minutes": 10.4, "hike_km": 0.23, "land_status": "crown_land", "land_status_label": "Crown land", "land_flagged": false, "score_terrain": 1.0, "score_vegetation": 1.0, "score_access": 0.985, "score_observations": 0.501, "inat_nearby": 0, "inat_nearby_exact": 0, "lon": -117.933296, "lat": 49.290733 }, "geometry": { "type": "Point", "coordinates": [ -117.933296313579845, 49.290732915348705 ] } },
{ "type": "Feature", "properties": { "rank": 136, "score": 0.8972, "mean_score": 0.8964, "area_ha": 1.08, "elevation_m": 1528, "slope_deg": 11.7, "aspect_deg": 185, "aspect_compass": "S", "ndvi": 0.639, "canopy_closure": 0.0, "veg_class": "open meadow", "drive_minutes": 24.9, "hike_minutes": 3.9, "hike_km": 0.13, "land_status": "crown_land", "land_status_label": "Crown land", "land_flagged": false, "score_terrain": 1.0, "score_vegetation": 1.0, "score_access": 0.986, "score_observations": 0.5, "inat_nearby": 0, "inat_nearby_exact": 0, "lon": -118.031055, "lat": 49.269932 }, "geometry": { "type": "Point", "coordinates": [ -118.031055085980995, 49.269932163458641 ] } },
{ "type": "Feature", "properties": { "rank": 137, "score": 0.8971, "mean_score": 0.8963, "area_ha": 2.07, "elevation_m": 1553, "slope_deg": 20.9, "aspect_deg": 236, "aspect_compass": "WSW", "ndvi": 0.636, "canopy_closure": 0.0, "veg_class": "open meadow", "drive_minutes": 25.0, "hike_minutes": 13.9, "hike_km": 0.21, "land_status": "crown_land", "land_status_label": "Crown land", "land_flagged": false, "score_terrain": 1.0, "score_vegetation": 1.0, "score_access": 0.985, "score_observations": 0.5, "inat_nearby": 0, "inat_nearby_exact": 0, "lon": -117.93377, "lat": 49.293967 }, "geometry": { "type": "Point", "coordinates": [ -117.933769983517237, 49.293967409307434 ] } },
{ "type": "Feature", "properties": { "rank": 138, "score": 0.8971, "mean_score": 0.8959, "area_ha": 0.63, "elevation_m": 1514, "slope_deg": 15.0, "aspect_deg": 233, "aspect_compass": "SW", "ndvi": 0.699, "canopy_closure": 0.0, "veg_class": "open meadow", "drive_minutes": 45.2, "hike_minutes": 1.0, "hike_km": 0.04, "land_status": "crown_land", "land_status_label": "Crown land", "land_flagged": false, "score_terrain": 1.0, "score_vegetation": 1.0, "score_access": 0.865, "score_observations": 0.62, "inat_nearby": 0, "inat_nearby_exact": 0, "lon": -117.794427, "lat": 49.198399 }, "geometry": { "type": "Point", "coordinates": [ -117.794427203960097, 49.198399290392452 ] } },
{ "type": "Feature", "properties": { "rank": 139, "score": 0.897, "mean_score": 0.8965, "area_ha": 0.63, "elevation_m": 1501, "slope_deg": 13.3, "aspect_deg": 157, "aspect_compass": "SSE", "ndvi": 0.563, "canopy_closure": 0.0, "veg_class": "open meadow", "drive_minutes": 25.1, "hike_minutes": 2.8, "hike_km": 0.08, "land_status": "crown_land", "land_status_label": "Crown land", "land_flagged": false, "score_terrain": 1.0, "score_vegetation": 1.0, "score_access": 0.984, "score_observations": 0.5, "inat_nearby": 0, "inat_nearby_exact": 0, "lon": -117.993913, "lat": 49.268638 }, "geometry": { "type": "Point", "coordinates": [ -117.993913027638953, 49.268638490968691 ] } },
{ "type": "Feature", "properties": { "rank": 140, "score": 0.8969, "mean_score": 0.8943, "area_ha": 0.81, "elevation_m": 1847, "slope_deg": 13.3, "aspect_deg": 185, "aspect_compass": "S", "ndvi": 0.648, "canopy_closure": 0.0, "veg_class": "open meadow", "drive_minutes": 24.3, "hike_minutes": 10.7, "hike_km": 0.29, "land_status": "crown_land", "land_status_label": "Crown land", "land_flagged": false, "score_terrain": 1.0, "score_vegetation": 1.0, "score_access": 0.985, "score_observations": 0.5, "inat_nearby": 0, "inat_nearby_exact": 0, "lon": -117.867656, "lat": 49.217842 }, "geometry": { "type": "Point", "coordinates": [ -117.867656426623867, 49.217842238331237 ] } },
{ "type": "Feature", "properties": { "rank": 141, "score": 0.8969, "mean_score": 0.8957, "area_ha": 3.87, "elevation_m": 1601, "slope_deg": 4.0, "aspect_deg": 228, "aspect_compass": "SW", "ndvi": 0.611, "canopy_closure": 0.0, "veg_class": "open meadow", "drive_minutes": 25.1, "hike_minutes": 0.4, "hike_km": 0.03, "land_status": "private", "land_status_label": "Private property", "land_flagged": true, "score_terrain": 1.0, "score_vegetation": 1.0, "score_access": 0.984, "score_observations": 0.5, "inat_nearby": 0, "inat_nearby_exact": 0, "lon": -117.888589, "lat": 49.006377 }, "geometry": { "type": "Point", "coordinates": [ -117.888589197568848, 49.006376580348558 ] } },
{ "type": "Feature", "properties": { "rank": 142, "score": 0.8969, "mean_score": 0.8956, "area_ha": 0.81, "elevation_m": 1596, "slope_deg": 4.8, "aspect_deg": 267, "aspect_compass": "W", "ndvi": 0.544, "canopy_closure": 0.0, "veg_class": "open meadow", "drive_minutes": 25.1, "hike_minutes": 1.7, "hike_km": 0.09, "land_status": "private", "land_status_label": "Private property", "land_flagged": true, "score_terrain": 1.0, "score_vegetation": 1.0, "score_access": 0.984, "score_observations": 0.5, "inat_nearby": 0, "inat_nearby_exact": 0, "lon": -117.887397, "lat": 49.008545 }, "geometry": { "type": "Point", "coordinates": [ -117.887397076214285, 49.008544736377516 ] } },
{ "type": "Feature", "properties": { "rank": 143, "score": 0.8968, "mean_score": 0.8945, "area_ha": 2.88, "elevation_m": 1499, "slope_deg": 8.3, "aspect_deg": 213, "aspect_compass": "SSW", "ndvi": 0.61, "canopy_closure": 0.0, "veg_class": "open meadow", "drive_minutes": 21.5, "hike_minutes": 25.7, "hike_km": 0.44, "land_status": "crown_land", "land_status_label": "Crown land", "land_flagged": false, "score_terrain": 0.999, "score_vegetation": 1.0, "score_access": 0.98, "score_observations": 0.506, "inat_nearby": 0, "inat_nearby_exact": 0, "lon": -117.923642, "lat": 49.281905 }, "geometry": { "type": "Point", "coordinates": [ -117.923642213493736, 49.281905102201677 ] } },
{ "type": "Feature", "properties": { "rank": 144, "score": 0.8966, "mean_score": 0.8939, "area_ha": 6.12, "elevation_m": 1831, "slope_deg": 15.0, "aspect_deg": 189, "aspect_compass": "S", "ndvi": 0.548, "canopy_closure": 0.0, "veg_class": "open meadow", "drive_minutes": 25.5, "hike_minutes": 6.8, "hike_km": 0.16, "land_status": "crown_land", "land_status_label": "Crown land", "land_flagged": false, "score_terrain": 1.0, "score_vegetation": 1.0, "score_access": 0.982, "score_observations": 0.501, "inat_nearby": 0, "inat_nearby_exact": 0, "lon": -117.867463, "lat": 49.206779 }, "geometry": { "type": "Point", "coordinates": [ -117.867462819304464, 49.206779308905517 ] } },
{ "type": "Feature", "properties": { "rank": 145, "score": 0.8966, "mean_score": 0.896, "area_ha": 5.31, "elevation_m": 1807, "slope_deg": 19.1, "aspect_deg": 185, "aspect_compass": "S", "ndvi": 0.538, "canopy_closure": 0.0, "veg_class": "open meadow", "drive_minutes": 25.5, "hike_minutes": 4.6, "hike_km": 0.09, "land_status": "crown_land", "land_status_label": "Crown land", "land_flagged": false, "score_terrain": 1.0, "score_vegetation": 1.0, "score_access": 0.982, "score_observations": 0.501, "inat_nearby": 0, "inat_nearby_exact": 0, "lon": -117.870336, "lat": 49.206218 }, "geometry": { "type": "Point", "coordinates": [ -117.870336074723113, 49.206217966407529 ] } },
{ "type": "Feature", "properties": { "rank": 146, "score": 0.8966, "mean_score": 0.8948, "area_ha": 0.54, "elevation_m": 1884, "slope_deg": 24.9, "aspect_deg": 267, "aspect_compass": "W", "ndvi": 0.615, "canopy_closure": 0.0, "veg_class": "open meadow", "drive_minutes": 14.7, "hike_minutes": 25.2, "hike_km": 0.41, "land_status": "crown_land", "land_status_label": "Crown land", "land_flagged": false, "score_terrain": 1.0, "score_vegetation": 1.0, "score_access": 0.983, "score_observations": 0.5, "inat_nearby": 0, "inat_nearby_exact": 0, "lon": -117.889119, "lat": 49.220108 }, "geometry": { "type": "Point", "coordinates": [ -117.889119236415056, 49.220107783278202 ] } },
{ "type": "Feature", "properties": { "rank": 147, "score": 0.8965, "mean_score": 0.8954, "area_ha": 2.07, "elevation_m": 1759, "slope_deg": 24.3, "aspect_deg": 171, "aspect_compass": "S", "ndvi": 0.598, "canopy_closure": 0.0, "veg_class": "open meadow", "drive_minutes": 25.5, "hike_minutes": 6.0, "hike_km": 0.09, "land_status": "crown_land", "land_status_label": "Crown land", "land_flagged": false, "score_terrain": 1.0, "score_vegetation": 1.0, "score_access": 0.982, "score_observations": 0.5, "inat_nearby": 0, "inat_nearby_exact": 0, "lon": -117.879003, "lat": 49.207232 }, "geometry": { "type": "Point", "coordinates": [ -117.879003277449115, 49.207231782208488 ] } },
{ "type": "Feature", "properties": { "rank": 148, "score": 0.8964, "mean_score": 0.8936, "area_ha": 13.95, "elevation_m": 1821, "slope_deg": 23.3, "aspect_deg": 184, "aspect_compass": "S", "ndvi": 0.709, "canopy_closure": 0.0, "veg_class": "open meadow", "drive_minutes": 25.5, "hike_minutes": 1.8, "hike_km": 0.04, "land_status": "crown_land", "land_status_label": "Crown land", "land_flagged": false, "score_terrain": 1.0, "score_vegetation": 1.0, "score_access": 0.982, "score_observations": 0.5, "inat_nearby": 0, "inat_nearby_exact": 0, "lon": -117.878615, "lat": 49.208584 }, "geometry": { "type": "Point", "coordinates": [ -117.878615363862167, 49.208584050482422 ] } },
{ "type": "Feature", "properties": { "rank": 149, "score": 0.8963, "mean_score": 0.8952, "area_ha": 1.08, "elevation_m": 1575, "slope_deg": 20.6, "aspect_deg": 168, "aspect_compass": "SSE", "ndvi": 0.599, "canopy_closure": 0.0, "veg_class": "open meadow", "drive_minutes": 25.1, "hike_minutes": 9.6, "hike_km": 0.28, "land_status": "private", "land_status_label": "Private property", "land_flagged": true, "score_terrain": 1.0, "score_vegetation": 1.0, "score_access": 0.982, "score_observations": 0.5, "inat_nearby": 0, "inat_nearby_exact": 0, "lon": -117.884106, "lat": 49.00803 }, "geometry": { "type": "Point", "coordinates": [ -117.884106086148151, 49.008030255893431 ] } },
{ "type": "Feature", "properties": { "rank": 150, "score": 0.8963, "mean_score": 0.8944, "area_ha": 3.51, "elevation_m": 1506, "slope_deg": 13.6, "aspect_deg": 236, "aspect_compass": "SW", "ndvi": 0.517, "canopy_closure": 0.0, "veg_class": "open meadow", "drive_minutes": 25.0, "hike_minutes": 12.5, "hike_km": 0.3, "land_status": "crown_land", "land_status_label": "Crown land", "land_flagged": false, "score_terrain": 1.0, "score_vegetation": 1.0, "score_access": 0.98, "score_observations": 0.502, "inat_nearby": 0, "inat_nearby_exact": 0, "lon": -117.931616, "lat": 49.289127 }, "geometry": { "type": "Point", "coordinates": [ -117.931615764825736, 49.289127316269479 ] } },
{ "type": "Feature", "properties": { "rank": 151, "score": 0.8962, "mean_score": 0.8949, "area_ha": 0.72, "elevation_m": 1931, "slope_deg": 24.8, "aspect_deg": 232, "aspect_compass": "SW", "ndvi": 0.588, "canopy_closure": 0.0, "veg_class": "open meadow", "drive_minutes": 14.1, "hike_minutes": 31.2, "hike_km": 0.55, "land_status": "crown_land", "land_status_label": "Crown land", "land_flagged": false, "score_terrain": 1.0, "score_vegetation": 1.0, "score_access": 0.968, "score_observations": 0.513, "inat_nearby": 0, "inat_nearby_exact": 0, "lon": -117.876865, "lat": 49.109557 }, "geometry": { "type": "Point", "coordinates": [ -117.876865291693193, 49.109556691422149 ] } },
{ "type": "Feature", "properties": { "rank": 152, "score": 0.8958, "mean_score": 0.8948, "area_ha": 0.81, "elevation_m": 1571, "slope_deg": 16.5, "aspect_deg": 131, "aspect_compass": "SE", "ndvi": 0.512, "canopy_closure": 0.0, "veg_class": "open meadow", "drive_minutes": 25.1, "hike_minutes": 8.0, "hike_km": 0.29, "land_status": "crown_land", "land_status_label": "Crown land", "land_flagged": false, "score_terrain": 0.999, "score_vegetation": 1.0, "score_access": 0.98, "score_observations": 0.5, "inat_nearby": 0, "inat_nearby_exact": 0, "lon": -117.891827, "lat": 49.003923 }, "geometry": { "type": "Point", "coordinates": [ -117.891827112610486, 49.003922742875552 ] } },
{ "type": "Feature", "properties": { "rank": 153, "score": 0.8955, "mean_score": 0.8942, "area_ha": 1.89, "elevation_m": 1719, "slope_deg": 18.0, "aspect_deg": 131, "aspect_compass": "SE", "ndvi": 0.574, "canopy_closure": 0.0, "veg_class": "open meadow", "drive_minutes": 17.8, "hike_minutes": 27.9, "hike_km": 0.45, "land_status": "private", "land_status_label": "Private property", "land_flagged": true, "score_terrain": 0.999, "score_vegetation": 1.0, "score_access": 0.979, "score_observations": 0.5, "inat_nearby": 0, "inat_nearby_exact": 0, "lon": -117.890377, "lat": 49.060607 }, "geometry": { "type": "Point", "coordinates": [ -117.89037698850737, 49.060606960477777 ] } },
{ "type": "Feature", "properties": { "rank": 154, "score": 0.8949, "mean_score": 0.8943, "area_ha": 0.72, "elevation_m": 1505, "slope_deg": 18.6, "aspect_deg": 164, "aspect_compass": "SSE", "ndvi": 0.57, "canopy_closure": 0.0, "veg_class": "open meadow", "drive_minutes": 17.5, "hike_minutes": 22.9, "hike_km": 0.49, "land_status": "crown_land", "land_status_label": "Crown land", "land_flagged": false, "score_terrain": 1.0, "score_vegetation": 1.0, "score_access": 0.974, "score_observations": 0.5, "inat_nearby": 0, "inat_nearby_exact": 0, "lon": -117.89907, "lat": 49.041649 }, "geometry": { "type": "Point", "coordinates": [ -117.899069645192796, 49.041648617824599 ] } },
{ "type": "Feature", "properties": { "rank": 155, "score": 0.8948, "mean_score": 0.8942, "area_ha": 0.63, "elevation_m": 1756, "slope_deg": 16.5, "aspect_deg": 143, "aspect_compass": "SE", "ndvi": 0.548, "canopy_closure": 0.0, "veg_class": "open meadow", "drive_minutes": 26.9, "hike_minutes": 0.0, "hike_km": 0.0, "land_status": "crown_land", "land_status_label": "Crown land", "land_flagged": false, "score_terrain": 1.0, "score_vegetation": 1.0, "score_access": 0.974, "score_observations": 0.5, "inat_nearby": 0, "inat_nearby_exact": 0, "lon": -117.862671, "lat": 49.215451 }, "geometry": { "type": "Point", "coordinates": [ -117.862671229284658, 49.215450814269872 ] } },
{ "type": "Feature", "properties": { "rank": 156, "score": 0.8945, "mean_score": 0.894, "area_ha": 3.15, "elevation_m": 1607, "slope_deg": 21.9, "aspect_deg": 241, "aspect_compass": "WSW", "ndvi": 0.559, "canopy_closure": 0.0, "veg_class": "open meadow", "drive_minutes": 28.1, "hike_minutes": 2.2, "hike_km": 0.06, "land_status": "crown_land", "land_status_label": "Crown land", "land_flagged": false, "score_terrain": 1.0, "score_vegetation": 1.0, "score_access": 0.967, "score_observations": 0.506, "inat_nearby": 0, "inat_nearby_exact": 0, "lon": -117.899559, "lat": 49.250521 }, "geometry": { "type": "Point", "coordinates": [ -117.899559018681288, 49.250521389426197 ] } },
{ "type": "Feature", "properties": { "rank": 157, "score": 0.8944, "mean_score": 0.8936, "area_ha": 0.81, "elevation_m": 2100, "slope_deg": 18.8, "aspect_deg": 283, "aspect_compass": "WNW", "ndvi": 0.647, "canopy_closure": 0.0, "veg_class": "open meadow", "drive_minutes": 13.5, "hike_minutes": 98.6, "hike_km": 1.85, "land_status": "crown_land", "land_status_label": "Crown land", "land_flagged": false, "score_terrain": 0.989, "score_vegetation": 1.0, "score_access": 0.833, "score_observations": 0.655, "inat_nearby": 0, "inat_nearby_exact": 0, "lon": -117.896097, "lat": 49.173098 }, "geometry": { "type": "Point", "coordinates": [ -117.896097226883725, 49.173097515451943 ] } },
{ "type": "Feature", "properties": { "rank": 158, "score": 0.8944, "mean_score": 0.8937, "area_ha": 0.54, "elevation_m": 1872, "slope_deg": 24.6, "aspect_deg": 151, "aspect_compass": "SSE", "ndvi": 0.588, "canopy_closure": 0.0, "veg_class": "open meadow", "drive_minutes": 16.5, "hike_minutes": 20.1, "hike_km": 0.52, "land_status": "crown_land", "land_status_label": "Crown land", "land_flagged": false, "score_terrain": 1.0, "score_vegetation": 1.0, "score_access": 0.972, "score_observations": 0.5, "inat_nearby": 0, "inat_nearby_exact": 0, "lon": -117.847892, "lat": 49.097899 }, "geometry": { "type": "Point", "coordinates": [ -117.847891948770666, 49.09789895206324 ] } },
{ "type": "Feature", "properties": { "rank": 159, "score": 0.8944, "mean_score": 0.8935, "area_ha": 0.54, "elevation_m": 1673, "slope_deg": 20.7, "aspect_deg": 127, "aspect_compass": "SE", "ndvi": 0.612, "canopy_closure": 0.0, "veg_class": "open meadow", "drive_minutes": 17.8, "hike_minutes": 33.2, "hike_km": 0.47, "land_status": "crown_land", "land_status_label": "Crown land", "land_flagged": false, "score_terrain": 0.997, "score_vegetation": 1.0, "score_access": 0.977, "score_observations": 0.5, "inat_nearby": 0, "inat_nearby_exact": 0, "lon": -117.895227, "lat": 49.056252 }, "geometry": { "type": "Point", "coordinates": [ -117.895226721548781, 49.056251517229626 ] } },
{ "type": "Feature", "properties": { "rank": 160, "score": 0.8942, "mean_score": 0.8937, "area_ha": 4.86, "elevation_m": 1501, "slope_deg": 10.4, "aspect_deg": 209, "aspect_compass": "SSW", "ndvi": 0.662, "canopy_closure": 0.0, "veg_class": "open meadow", "drive_minutes": 27.4, "hike_minutes": 3.3, "hike_km": 0.11, "land_status": "crown_land", "land_status_label": "Crown land", "land_flagged": false, "score_terrain": 1.0, "score_vegetation": 1.0, "score_access": 0.971, "score_observations": 0.5, "inat_nearby": 0, "inat_nearby_exact": 0, "lon": -117.91369, "lat": 49.301414 }, "geometry": { "type": "Point", "coordinates": [ -117.913690257083275, 49.3014141402411 ] } },
{ "type": "Feature", "properties": { "rank": 161, "score": 0.8942, "mean_score": 0.8942, "area_ha": 2.88, "elevation_m": 1531, "slope_deg": 10.1, "aspect_deg": 192, "aspect_compass": "SSW", "ndvi": 0.59, "canopy_closure": 0.0, "veg_class": "open meadow", "drive_minutes": 27.4, "hike_minutes": 2.3, "hike_km": 0.08, "land_status": "crown_land", "land_status_label": "Crown land", "land_flagged": false, "score_terrain": 1.0, "score_vegetation": 1.0, "score_access": 0.971, "score_observations": 0.5, "inat_nearby": 0, "inat_nearby_exact": 0, "lon": -117.919542, "lat": 49.305416 }, "geometry": { "type": "Point", "coordinates": [ -117.919541982844947, 49.305415613471652 ] } },
{ "type": "Feature", "properties": { "rank": 162, "score": 0.8942, "mean_score": 0.8939, "area_ha": 0.9, "elevation_m": 1892, "slope_deg": 17.5, "aspect_deg": 202, "aspect_compass": "SSW", "ndvi": 0.627, "canopy_closure": 0.0, "veg_class": "open meadow", "drive_minutes": 27.4, "hike_minutes": 10.1, "hike_km": 0.22, "land_status": "crown_land", "land_status_label": "Crown land", "land_flagged": false, "score_terrain": 1.0, "score_vegetation": 1.0, "score_access": 0.971, "score_observations": 0.5, "inat_nearby": 0, "inat_nearby_exact": 0, "lon": -117.855744, "lat": 49.21982 }, "geometry": { "type": "Point", "coordinates": [ -117.85574360657408, 49.219820150260645 ] } },
{ "type": "Feature", "properties": { "rank": 163, "score": 0.8942, "mean_score": 0.8933, "area_ha": 0.54, "elevation_m": 1889, "slope_deg": 15.1, "aspect_deg": 205, "aspect_compass": "SSW", "ndvi": 0.612, "canopy_closure": 0.0, "veg_class": "open meadow", "drive_minutes": 27.4, "hike_minutes": 13.0, "hike_km": 0.24, "land_status": "crown_land", "land_status_label": "Crown land", "land_flagged": false, "score_terrain": 1.0, "score_vegetation": 1.0, "score_access": 0.971, "score_observations": 0.5, "inat_nearby": 0, "inat_nearby_exact": 0, "lon": -117.858225, "lat": 49.220341 }, "geometry": { "type": "Point", "coordinates": [ -117.85822451934628, 49.220341468413501 ] } },
{ "type": "Feature", "properties": { "rank": 164, "score": 0.8942, "mean_score": 0.8932, "area_ha": 1.8, "elevation_m": 1909, "slope_deg": 22.2, "aspect_deg": 224, "aspect_compass": "SW", "ndvi": 0.718, "canopy_closure": 0.0, "veg_class": "open meadow", "drive_minutes": 27.4, "hike_minutes": 13.1, "hike_km": 0.24, "land_status": "crown_land", "land_status_label": "Crown land", "land_flagged": false, "score_terrain": 1.0, "score_vegetation": 1.0, "score_access": 0.971, "score_observations": 0.5, "inat_nearby": 0, "inat_nearby_exact": 0, "lon": -117.854503, "lat": 49.219559 }, "geometry": { "type": "Point", "coordinates": [ -117.854503169530304, 49.219559471075684 ] } },
{ "type": "Feature", "properties": { "rank": 165, "score": 0.8942, "mean_score": 0.8942, "area_ha": 0.81, "elevation_m": 1867, "slope_deg": 17.4, "aspect_deg": 198, "aspect_compass": "SSW", "ndvi": 0.746, "canopy_closure": 0.0, "veg_class": "open meadow", "drive_minutes": 27.4, "hike_minutes": 9.7, "hike_km": 0.18, "land_status": "crown_land", "land_status_label": "Crown land", "land_flagged": false, "score_terrain": 1.0, "score_vegetation": 1.0, "score_access": 0.971, "score_observations": 0.5, "inat_nearby": 0, "inat_nearby_exact": 0, "lon": -117.858627, "lat": 49.219799 }, "geometry": { "type": "Point", "coordinates": [ -117.858627101890221, 49.219798751324525 ] } },
{ "type": "Feature", "properties": { "rank": 166, "score": 0.8942, "mean_score": 0.8937, "area_ha": 0.54, "elevation_m": 1793, "slope_deg": 23.4, "aspect_deg": 229, "aspect_compass": "SW", "ndvi": 0.759, "canopy_closure": 0.0, "veg_class": "open meadow", "drive_minutes": 27.4, "hike_minutes": 9.5, "hike_km": 0.18, "land_status": "crown_land", "land_status_label": "Crown land", "land_flagged": false, "score_terrain": 1.0, "score_vegetation": 1.0, "score_access": 0.971, "score_observations": 0.5, "inat_nearby": 0, "inat_nearby_exact": 0, "lon": -117.85031, "lat": 49.215273 }, "geometry": { "type": "Point", "coordinates": [ -117.850309836405216, 49.215272615409056 ] } },
{ "type": "Feature", "properties": { "rank": 167, "score": 0.8942, "mean_score": 0.8942, "area_ha": 0.63, "elevation_m": 1807, "slope_deg": 22.3, "aspect_deg": 200, "aspect_compass": "SSW", "ndvi": 0.635, "canopy_closure": 0.0, "veg_class": "open meadow", "drive_minutes": 27.4, "hike_minutes": 3.6, "hike_km": 0.06, "land_status": "crown_land", "land_status_label": "Crown land", "land_flagged": false, "score_terrain": 1.0, "score_vegetation": 1.0, "score_access": 0.971, "score_observations": 0.5, "inat_nearby": 0, "inat_nearby_exact": 0, "lon": -117.857354, "lat": 49.217649 }, "geometry": { "type": "Point", "coordinates": [ -117.857353976670808, 49.217649307360396 ] } },
{ "type": "Feature", "properties": { "rank": 168, "score": 0.8942, "mean_score": 0.8941, "area_ha": 2.25, "elevation_m": 1820, "slope_deg": 18.0, "aspect_deg": 193, "aspect_compass": "SSW", "ndvi": 0.615, "canopy_closure": 0.0, "veg_class": "open meadow", "drive_minutes": 27.4, "hike_minutes": 0.9, "hike_km": 0.03, "land_status": "crown_land", "land_status_label": "Crown land", "land_flagged": false, "score_terrain": 1.0, "score_vegetation": 1.0, "score_access": 0.971, "score_observations": 0.5, "inat_nearby": 0, "inat_nearby_exact": 0, "lon": -117.860256, "lat": 49.218707 }, "geometry": { "type": "Point", "coordinates": [ -117.860256077663408, 49.218707180087499 ] } },
{ "type": "Feature", "properties": { "rank": 169, "score": 0.8942, "mean_score": 0.8942, "area_ha": 2.43, "elevation_m": 1812, "slope_deg": 19.0, "aspect_deg": 190, "aspect_compass": "S", "ndvi": 0.649, "canopy_closure": 0.0, "veg_class": "open meadow", "drive_minutes": 27.4, "hike_minutes": 8.5, "hike_km": 0.15, "land_status": "crown_land", "land_status_label": "Crown land", "land_flagged": false, "score_terrain": 1.0, "score_vegetation": 1.0, "score_access": 0.971, "score_observations": 0.5, "inat_nearby": 0, "inat_nearby_exact": 0, "lon": -117.854461, "lat": 49.217131 }, "geometry": { "type": "Point", "coordinates": [ -117.854461302037592, 49.217131017362824 ] } },
{ "type": "Feature", "properties": { "rank": 170, "score": 0.8937, "mean_score": 0.893, "area_ha": 0.63, "elevation_m": 1549, "slope_deg": 8.8, "aspect_deg": 135, "aspect_compass": "SE", "ndvi": 0.708, "canopy_closure": 0.0, "veg_class": "open meadow", "drive_minutes": 27.0, "hike_minutes": 12.4, "hike_km": 0.3, "land_status": "crown_land", "land_status_label": "Crown land", "land_flagged": false, "score_terrain": 1.0, "score_vegetation": 1.0, "score_access": 0.968, "score_observations": 0.5, "inat_nearby": 0, "inat_nearby_exact": 0, "lon": -117.918058, "lat": 49.292204 }, "geometry": { "type": "Point", "coordinates": [ -117.918058448217451, 49.29220428888889 ] } },
{ "type": "Feature", "properties": { "rank": 171, "score": 0.8932, "mean_score": 0.8929, "area_ha": 0.99, "elevation_m": 1660, "slope_deg": 15.9, "aspect_deg": 264, "aspect_compass": "W", "ndvi": 0.688, "canopy_closure": 0.0, "veg_class": "open meadow", "drive_minutes": 29.6, "hike_minutes": 5.9, "hike_km": 0.15, "land_status": "crown_land", "land_status_label": "Crown land", "land_flagged": false, "score_terrain": 1.0, "score_vegetation": 1.0, "score_access": 0.958, "score_observations": 0.508, "inat_nearby": 0, "inat_nearby_exact": 0, "lon": -117.90134, "lat": 49.257794 }, "geometry": { "type": "Point", "coordinates": [ -117.901340380064994, 49.257793763884372 ] } },
{ "type": "Feature", "properties": { "rank": 172, "score": 0.893, "mean_score": 0.8929, "area_ha": 4.23, "elevation_m": 1890, "slope_deg": 22.3, "aspect_deg": 254, "aspect_compass": "WSW", "ndvi": 0.556, "canopy_closure": 0.0, "veg_class": "open meadow", "drive_minutes": 28.4, "hike_minutes": 10.0, "hike_km": 0.23, "land_status": "crown_land", "land_status_label": "Crown land", "land_flagged": false, "score_terrain": 1.0, "score_vegetation": 1.0, "score_access": 0.965, "score_observations": 0.5, "inat_nearby": 0, "inat_nearby_exact": 0, "lon": -117.889032, "lat": 49.215251 }, "geometry": { "type": "Point", "coordinates": [ -117.889032113755249, 49.21525091996611 ] } },
{ "type": "Feature", "properties": { "rank": 173, "score": 0.893, "mean_score": 0.8927, "area_ha": 0.63, "elevation_m": 1955, "slope_deg": 24.6, "aspect_deg": 234, "aspect_compass": "SW", "ndvi": 0.604, "canopy_closure": 0.0, "veg_class": "open meadow", "drive_minutes": 28.4, "hike_minutes": 18.5, "hike_km": 0.25, "land_status": "crown_land", "land_status_label": "Crown land", "land_flagged": false, "score_terrain": 1.0, "score_vegetation": 1.0, "score_access": 0.965, "score_observations": 0.5, "inat_nearby": 0, "inat_nearby_exact": 0, "lon": -117.886149, "lat": 49.215273 }, "geometry": { "type": "Point", "coordinates": [ -117.886148906291126, 49.215273076383312 ] } }
]
}
